player_id,rank,division,tier
B_OS4cYcJr2KE74eznv9vyUkjpActFiSbHMrb8h057zXCfmegqeBTOYHg547o6wMWmnQXjq6SD8x9w,IRON IV,IV,IRON
0NxKrA2BdbhUnTjdhvRDATeDxkDhHlv5GxXPVFCysVFhWt0McY72wf4GlU0j1hmRCHMtuK3XeKSDjw,IRON IV,IV,IRON
WQKwv4wlfb1Sf9QKspFhgC5gNeYNcNwEfWlo_l7BFsesT3A6nXVCwCd39-2vvpef2D_y6W18_rbvBw,IRON IV,IV,IRON
x1wCAiB3sQwTAKlxDaNTu6bqP3rvuRLDzi9kbxjUyTxgXcqTa8RQudPyULBTCn094QRscWvtsYVaTw,IRON IV,IV,IRON
Sjp9rrs6AiAi6hpJ78iMVo1DsKsDdfKgAegpEJCRN6sSit5P5IGtvt85Qm7NQ6p78mvLv13Y-m91jQ,IRON IV,IV,IRON
xV3cuQx75itpiPVyrx0kwFM8RxmHB3HVGMmErOeSOXwC3Ki6JDA94Nk8yK_OQZOYhD-MLb4lUx6gvA,IRON IV,IV,IRON
N1lDDl2S8YhAyeM9vrl1HWK_fS0YxhNemzEFmp4roZV85ar3P04ks-A_hc93L1eD0KymstlEkfDAGA,IRON IV,IV,IRON
M3d4K6cXvIdRkS7EN87crLOCnsaAM1uSGs7Jl7hxFKIiSTHPJ3knfweWLt-rJCx5Hn6V1YWekky7ww,IRON IV,IV,IRON
4i1Ziq5oYUUryyYqbEorQHX_JIH9_r77kR4gc1n2Fqe09U01ZaHtogD7sTaBSOiyBKiEl7JRkbbj7w,IRON IV,IV,IRON
OO_s7HzggwKov_milgD9Wjr1_pr_9kQGej9Pbb8ehHyukT00BJFdSaY8uJhBY0UvOcYLQsA0Qnj5ig,IRON IV,IV,IRON
eQOY_1N538YlAJzdv-Sk81TTn2_QHfaDqDrTXkBDSPdIVafUFnxvZLx9GMcuCh0jSw1Hp8hGpajYzQ,IRON IV,IV,IRON
6M-XRuXvY9Uhp14vLHCELHV2bdHcFPkZUawuGIi0P7l6lIa-YEvWEV6MDEj9ONaj5CP_3dh5Ps5SPw,IRON IV,IV,IRON
EBPfyxCBKMlI5zWd6NHNvrK5jvQVNJ2yE7fPA2WUNX9o9yINbB3bW-GDr-C0Xgc8J3AAGjxxEwxpBQ,IRON IV,IV,IRON
WQKwv4wlfb1Sf9QKspFhgC5gNeYNcNwEfWlo_l7BFsesT3A6nXVCwCd39-2vvpef2D_y6W18_rbvBw,IRON IV,IV,IRON
B_OS4cYcJr2KE74eznv9vyUkjpActFiSbHMrb8h057zXCfmegqeBTOYHg547o6wMWmnQXjq6SD8x9w,IRON IV,IV,IRON
rjsNYRZ-3WfpyyP5UQNjkrcDJD7Qw3xiPg-xBrYV9NcBtXjtWgTzlwn5sNwJzYbe7A8EYc4wlg6I6w,IRON IV,IV,IRON
o1oYzmqj6h1vzeHyNJwqXTzuuUzTQI3kCo8m8UgS4J7njBGRbuUEut5VldnEkgyT5gQdnc1DxEUe8Q,IRON IV,IV,IRON
8Yg_4sqL8QUwy_pfwgCwPXXVUUogpG4ts4NMhW6XGtyJ14hN1pliGy5P1SKWefn3uxuVf6v3rVmjow,IRON IV,IV,IRON
78XyQDrU1JH7i0XJhcrZhYW3FdL5HJLG4dAHdpnORY59uMl4GSpOKMAvImhRVJDwcq3dJR1fHldP8Q,IRON IV,IV,IRON
f5v25CvUNzpA6w_aGMjZ6RBZdG6ct8pHnxBkxza1Gd7Qz2Xs7rpaWNM0cn2X91QTi95-64qrgMnk4w,IRON IV,IV,IRON
gNTTUjoVQysUgLq28fOedVWImCGcQ4msCJN26aNk-UU7hJ2JmiOI87iFgPb3TjwOn7YwZg2RRhw-1A,IRON IV,IV,IRON
8Ugp_BHa5TLdbffyaBktK9PEUo4wiY5mJ6Sig4y5uDZvEyN09iZYc3tnbk7MI0O8avCYiZvISoZcww,IRON IV,IV,IRON
Aa5hQfXFTBd9KS8d80_8Y8GtY1YqY9e_d0sx6pjuZX2QM5NnFrqFdXe_i-AwqN4GfkBcA0N-lwTvkA,IRON IV,IV,IRON
0nnwhRXNhePGZt-LYYvzqWfJdraWOfHJPPT8sEbfxqTsi8dYg5zYsbVTp6XPG-Y3fSWLTm94YLMn9Q,IRON IV,IV,IRON
ia4HbKmo13vn_xk4-uguvz0QRFa93isO_1gwGlyeF97E9ymK5vUwGMbRByHAoIpPTF43pO8CtMySdw,IRON IV,IV,IRON
hPhUcgzLuT5qA5YzVFm_TkMZMk6CBTDi_xEUgX8OyKDHDu9Wuzg8I6ltWEtP9LBXoHaXNJ5ExOOtUg,IRON IV,IV,IRON
isx6klSkEOIurTZjZCoqEEAylUVFPctAyGnN3fBjy5T3FFoNr7mP-4PtrsyPxIRMv-90bmej2riiLg,IRON IV,IV,IRON
lJp9HMrpOlX7GWigKq1qWu1POaKc02xFLyfKi4tcSboJekSn4YTsvV7vtyo-5P2NPwyskFRlA5f3iA,IRON IV,IV,IRON
S3bWRqUgSzUIXc17z84ts-PjWm9CPOX1d1BZKhyctveJW-HYD78IzothnxwTMF89Fyzs0MyygXf24w,IRON IV,IV,IRON
qZdjbP5oEUH2bgTislzIUFs3wEpm_r0mCiVPXTCc1ZrJ6AQXJAJ-1Me5Zjg5UThgiHTz9Qq6FsiE8w,IRON IV,IV,IRON
NkEfV8-pB1VLfW9U3xKU2fBD-Jr_T8998WesPwCSvCbftWbFi3SupAmEHXYxh3FAKjSK3axHkkqrFg,IRON IV,IV,IRON
oZeLycy3DaXZnu3bfuOqemNXBQx2qTSUGPYg0IxFcoDP_rV3T_4115HHCg_SP2-e_-lBEFf5OHukxw,IRON IV,IV,IRON
lJp9HMrpOlX7GWigKq1qWu1POaKc02xFLyfKi4tcSboJekSn4YTsvV7vtyo-5P2NPwyskFRlA5f3iA,IRON IV,IV,IRON
PjVDqFK76R9Mg3PNVXcZJf3vDYajgei7lxpmGVCU3sdPPXhAH3W8Uyl5vM2aRrSnvvbW0aJ5RLYa7Q,IRON IV,IV,IRON
mVJHOITR9O9pI9o4B8yw-NPhJiWonYyjXigCSagEqHi7qRoziWCE0ljxo1IR-awUvjeiVZ7f4yaRTQ,IRON IV,IV,IRON
Cf1patSoBLzx0AMbij3cLku7BQAIraCwzE8lvVTxUMNPEtihP9lQrUtb1w7Vl4HaBkjPwqvnNVDLeA,IRON IV,IV,IRON
sKwSlTDiEh8c-EgGmJLV8kr2ZYfVbf32GLSd21ZkDZ13qhvf0K3r4wpLlmG-CyJbBU8XPVsmrEFmBA,IRON IV,IV,IRON
fg07LFf0DjQ5Uw1AXcfFHxni0QjdSXHywKWvi8GpOG-0O0-e_oqNlqQg02kvQPiWECdGwuVsN1aZUg,IRON IV,IV,IRON
j0jvVLlFn23Ph0-ylc2McLjEcvOYTL80Jz_UvllLL0kryHNgHmus8fcW5qkMhVg8nwCc7C26VvVkUA,IRON IV,IV,IRON
4lQt4fjpV-Z3bMWKv5HfUgnrlUglti6pQAUsMq_lXT1vRBUiD2XfZszWX9dkE0H5AqN6v1v0UTRw0A,IRON IV,IV,IRON
5hMoQ4RN1xdVfTfSy-lBu8degoxfbY5h7xHby75ys_NW_P045YlPCQJPFRep9mV9nmx6wB9zHoKA6Q,IRON IV,IV,IRON
LeCdnqdk7ypZ6_bMdh0S48BFkllLwlpk4sLpljsXcBBoTyAJVBW_8IjTPZ_dAtZXW0qvuvUj-1KysA,IRON IV,IV,IRON
lJp9HMrpOlX7GWigKq1qWu1POaKc02xFLyfKi4tcSboJekSn4YTsvV7vtyo-5P2NPwyskFRlA5f3iA,IRON IV,IV,IRON
Muj9XQ2epXbbFJMV4KMmjqjdPGymtd9QkHmzqJEBJZdu5Ep1B5PgKUfhXxkw_DcJqKrpncv_4-CETQ,IRON IV,IV,IRON
7vCPp8lfG9gl8yQxLGQ8B9s9rQbe1hsHfL92tfsCG9HrwbK1AP8QetfP0ETPqWcVj3Xo6Xgs2ljDlw,IRON IV,IV,IRON
yQWkK5Pff3ctYehCLO53biqJvbUxPOPfApZp9R1wJ08IZUJ2MIIEvV4KqJo9RY15ddma5iXfhWjM2Q,IRON IV,IV,IRON
N5sHEUzaQsoIJkLwPh_KRwehc0EaNegJt2iWflegOCrI0_OeV45mmhRAlCcVRWlvT2iNwzrvWvj3Ow,IRON IV,IV,IRON
HFKtPURLz5-TQLDJG4RVEnIn4e_YRnZtaGhLUgK9EfH2ID_Jgs8RrhINBun6hvxSlst-3cfwN50hJA,IRON IV,IV,IRON
8HSgRVrjqrQHeDaqtHGJ5hveoJwsh7ryJrfC5Tj-H9wdpldzvlATstL2iREddZVSYpvxIJrKHkY-iA,IRON IV,IV,IRON
lREC6w4hdQ_5_GpPuptoZfy_O1sJLAziQkZGl9dOuJz9csmYDMQUiGTu1xnSTY5qmJ-df-vF7mAq_Q,IRON IV,IV,IRON
k_t2NbEjkPIcOB-gNMp2XAWv00HcxglzSv9MMS6jbNVICiN4Gc1Us2Jl1qWSLelZC7UwZVp3EHLKOA,IRON IV,IV,IRON
2lATDTRCNtaq_efTr3RWQjNTttY7eHIKA5hCqptAbXS46PJJKpITTvYrrAL3qCFjSVIquFGE63Rirg,IRON IV,IV,IRON
Z52fuVmrCzlZ2jgzRrW2AqvzS_ZNVrTPcMjjIvT2DBi_bjIM3y5SK2RlYgUJp3-c3Z6maHbdc7OVgA,IRON IV,IV,IRON
7SdUAHP0poE9mg7RaABafTZKgGnKdA7GbhYHe8h8GtRqdB1570xF0OdTlSKnlkHQIHIe_BQtdA_rkw,IRON IV,IV,IRON
IN9dHyQGpdHm4JHRoojuYtgmBWQesIY7kPorS7DoHSN3N4hwHe8oXPZnZiLlmbhE3div5TwarN-EwQ,IRON IV,IV,IRON
MGBFkhIkVVPEIDP4XpqBCwFIYQtRf1eFwjMMW5BKBAcpZP3b16g1KQqwD81ORjeSev-BxJynRhHwRQ,IRON IV,IV,IRON
ZEmMTywM3JAM7bwzLzZMZp57d967YORQQPmoepOd8oXTDTdcm9_aZEN1geLVWCKabsBtaq906Hx1Xg,IRON IV,IV,IRON
lJp9HMrpOlX7GWigKq1qWu1POaKc02xFLyfKi4tcSboJekSn4YTsvV7vtyo-5P2NPwyskFRlA5f3iA,IRON IV,IV,IRON
q4ocuHBS1VrTTi7GxqS0FLpBEJnmMz0CEh3g-fazfWdZX376DB0kAbK_BgepbEtllNU6bqrSxfX6zA,IRON IV,IV,IRON
EuwEQaY1ssRoQakUyM9_2VXPQZtkxHH-pf9OB6FParUujSrAmAGFyYowkkXN-CdaJVJ0ZzVXrPBG2g,IRON IV,IV,IRON
wvwVW4k0Xf1P7SUN5k_MBfQPIL52lJ4mVMp4SxRw7SsF9AfOSMAG-mSpWLyHMlN5CIL_zWtFU7M9nA,IRON IV,IV,IRON
YMNm_lhpXaAnRMM493T5vNqZ6B_QRofsGfqH4OajzRsOACXx9JFI3Sa6KNVL8KgGvKW2VIyMDlXCeA,IRON IV,IV,IRON
Z52fuVmrCzlZ2jgzRrW2AqvzS_ZNVrTPcMjjIvT2DBi_bjIM3y5SK2RlYgUJp3-c3Z6maHbdc7OVgA,IRON IV,IV,IRON
Q7tqhe8pnepvF3qrUBb7PB8Kz0phOUDJrpGQ85WB8QXKKYIwrJuaU-d5c3BrWVmbS7-BmKIskO8X7g,IRON IV,IV,IRON
UyFK99e899cT6AYVMAmi1h5opYBkkgxgTTKQIa026zmTDpbG6IR_RFgiO64ZZ8MAh7kaDH0dhCpS_A,IRON IV,IV,IRON
yuruMMToI3kIIB0PRHFWeoVCjAUNqx49fj26pCYebLSeb_tN_jP3KDCk2HQ7fBkoWbsS0bdEYfAtyg,IRON IV,IV,IRON
ek8VtxDhK-ITd3NNNRLbk6CpdB2yR1zR0zw2WMuKZGoS4rzVeDg8pFm3LiST2r98DaofJ9bxvPvSgQ,IRON IV,IV,IRON
lJp9HMrpOlX7GWigKq1qWu1POaKc02xFLyfKi4tcSboJekSn4YTsvV7vtyo-5P2NPwyskFRlA5f3iA,IRON IV,IV,IRON
dAJG8i8wsAAY2z97qTderYDNmcI2f0tc0tgR2IM2AKb5gRwhtKvDQpBkgWrQgokq6MOkIEQiz0xcQA,IRON IV,IV,IRON
qUnG-c1XQC-ZWb_uRvbUVW8DuhUnprENe3Ivmik06_lxlIe2HxE2aHFqXCNakUbcCKYKJS3U629mPA,IRON IV,IV,IRON
-_xuM-vW4ynG5zExrkzfr2RjXFCD3D0FA4NLrmrXWA6tccuO_2Z5Xku2zv9keiwIkhjrK3nP-oo9WA,IRON IV,IV,IRON
PdiN17QwMIclyYQxHxjOwolGJSLXG8NOzat4KCHAa1Q_bMHwIT1BcnsWBn4FZrzXSUtu-r7FjZ0LdQ,IRON IV,IV,IRON
lJp9HMrpOlX7GWigKq1qWu1POaKc02xFLyfKi4tcSboJekSn4YTsvV7vtyo-5P2NPwyskFRlA5f3iA,IRON IV,IV,IRON
hlGG27Yjm4dysa8A_8P6JQuklbKBpI9v8808QycT06fVzNN4gWzvo8QHztGEPMkQ8-NfWRV73zahuQ,IRON IV,IV,IRON
WWPogn2oha1lOuqn43ykfR1kgN_3UqhA5HxtZaeJx8zB1IxFkSuK6VA3ACVLsanFzisZjJy8_HIq6w,IRON IV,IV,IRON
IndUBMtE-x18kwoamdxW1ZUZcLjQg0z9RuaqbHqAQm3YkhdgbpNsZDXDrPFxLwDKK7jXwjkKGInNBw,IRON IV,IV,IRON
LJm6sparNV1zKUwPqDEpndlZw6SmV7INI8EyUxHe6iWjFzgUt_2AyQ9ZwYdsd6QN6PpkPcipPr4LCg,IRON IV,IV,IRON
6pidoyHqhMk0uUYLXtiqN3UCAjf_tsrmXfkmL6rOZ7v-_h3pt4bhJ45gWq_AqQJsk0cGWtDfgfXf3g,IRON IV,IV,IRON
16Ve-ORTWnae_eWDHlGLNK_Q91Ybxkrob1OrAjbivwqXreLD_tHQ6QU3vMsEzp5IP1Kyp5PDqZRhqw,IRON IV,IV,IRON
dGQrh2Xc6ad5GAxmTA6Zjq0zHmXgG9y3lPjZD-D88qZ1aGTHJNWsmZvPGgjPFMOdBQmE8c_3Ya3w1g,IRON IV,IV,IRON
j6DPOmRWi31PSnPafeGgnyVmAWHIybQIp_UJb-8Cp1BHi4sb9ZKWvbQTnjZeOnxmc1CfENASWQwypQ,IRON IV,IV,IRON
pc_V3458GAd28tfsL9GdLNILgpckbscD5z0jKSD40-uovJ6xuUZlCU9iOa2vsypiuIh0GBRVVWqSYA,IRON IV,IV,IRON
lJp9HMrpOlX7GWigKq1qWu1POaKc02xFLyfKi4tcSboJekSn4YTsvV7vtyo-5P2NPwyskFRlA5f3iA,IRON IV,IV,IRON
QWA4JBeWo9vlmtA7L0qTNWzl0lLUDx_RVYLlia47Cvx2KMDJW3tAUMyoxPg92tRipww3g4_zCQnyUw,IRON IV,IV,IRON
oSZb9nalV95i9GhuicWxunVx6De6Ey4i2c957CBw1Bed65Rx1ep0CfF-cqdDRpTZXDUP6aJwGNzafA,IRON IV,IV,IRON
4_Y6YaoT0FrAvVDRtDyej5yPMQ_QIxZhpml8GrYHcnKkjdMNI4J97A4olA3_VK4L1lpfinRNbBrqjg,IRON IV,IV,IRON
wqG8MQ20IJWubgbZ650rR4dAUXSysgxKT2mWeLI7pX-7npjf58bNzkzFpvL9QgCu5-kBA6SymU_4aw,IRON IV,IV,IRON
zULkqTzPVOZeKWucRIIBh87Rjs76xQeZdpSxVstgDU5NzNGePaaqJnIMS7bs6jWIPABsCBk5dK25Hg,IRON IV,IV,IRON
16Ve-ORTWnae_eWDHlGLNK_Q91Ybxkrob1OrAjbivwqXreLD_tHQ6QU3vMsEzp5IP1Kyp5PDqZRhqw,IRON IV,IV,IRON
dGQrh2Xc6ad5GAxmTA6Zjq0zHmXgG9y3lPjZD-D88qZ1aGTHJNWsmZvPGgjPFMOdBQmE8c_3Ya3w1g,IRON IV,IV,IRON
uD01GTH_QPDNJipD-M7Wf-i9YieYS0WAIqFoSSZQ6L_eVWqs_P23t6SHFtJBhbfJch-XCXa5eV3KLA,IRON IV,IV,IRON
VJfb8_U0MmhdWf7TB9TiRTU3TZ9PjhO1o3hIb0pl_AAa-Yl2DNqYk6qyVnQaCCE439xaLmcpLQ6TfQ,IRON IV,IV,IRON
lJp9HMrpOlX7GWigKq1qWu1POaKc02xFLyfKi4tcSboJekSn4YTsvV7vtyo-5P2NPwyskFRlA5f3iA,IRON IV,IV,IRON
AE6kxLqF3L4m-b8daZ5gqzTp4Q-c3aPspuzpNWWcU2a7VtrOpO3D2zPxmqXaVC1eAqKUkKmQiELseg,IRON IV,IV,IRON
xKzpmNCL8cKEFn3z7F8HYaxBTg6YPif_JGHKjC7n36DMvRbYqNkueUfpoyhVqvEGZusbjgLQznip_A,IRON IV,IV,IRON
nrjXRq942n7JXbMpwEao8VnPcmfhjhCZJLk9hF1Az5TrWBtL3HbtsK8qfbk3c8PT-xa3dw8wjbspWg,IRON IV,IV,IRON
Kg33tZM4GC-XqVYl0P7B_dIrcaeOQ4a3RGKWZOQX3Og9VP9_kVaa6CzCuskO-yKEexyo_h-hEm6OYw,IRON IV,IV,IRON
YJLmW8TwylF5dvf_966tzeSLgaKDkxZQ0x2MmHe7UxGhCzVnvIeWDtwJQsd1PZ5NESFMUDq8H9Q6mg,IRON IV,IV,IRON
DncN5GPV3bGbY1ZnpUHGUlXatG1lH7HUhZCiWu7niS9fTa0XpZm4xR4FtmPCKBu40bR5m6L2sSE6TQ,IRON IV,IV,IRON
7kN08ISLMZKX7rZuWNSBFPzEnMUOJIiTcQ6mE6FrHAUXkYOMvdqBiTMht_rwNmrfdUSSq35H8tVNoA,IRON IV,IV,IRON
GbUizbAoeKBeP3EDa8Y_1ULMEjeJ8qHTnOeG6CxfBa935GhALddogwq_-5M6uqA-9hNVqwllrBS7LA,IRON IV,IV,IRON
TR4WUSf4u-k_05E4_0cfCLhF8x8maHl0tLNNoeDPhVnRJ4MN1o1WH47kmBRWyhnOIcQDY3liu49LgQ,IRON IV,IV,IRON
lJp9HMrpOlX7GWigKq1qWu1POaKc02xFLyfKi4tcSboJekSn4YTsvV7vtyo-5P2NPwyskFRlA5f3iA,IRON IV,IV,IRON
ViTwL3c5QBUmtM_sVpbei0YtNga5TtDVGWMB9k6Qtf2ILgEte7CpgB6aKek8jKOZFmHdrr64yd__Dg,IRON IV,IV,IRON
KQDS-ImjV_SRDDM6h_vLbbmVaxzZBptRkl5RuVvdayV9qOAWbDWDpqnynejrT3ymuXW6JmktuaXTrQ,IRON IV,IV,IRON
vhwo00eDOhy02MhIH0g9Sc5-mc0p8sXAANc6NlgogyqKDbn0k_ou0h9klsfCVxU7TZA_l_IzH77GSA,IRON IV,IV,IRON
-wGExfZIGpu5XEWN4QZr3HSkb1pQP57NgSt4WrDuaPjdnpB35m7ZKK1zAQfgtsUm2eMd7GnOvIoe3w,IRON IV,IV,IRON
QRvTWjFqxZVH3S2ua5rBcFfGNmQCdoywtkY0Uffkb1tJJC_poQGTyCb3JaGtd5N8RlGucep7jU4nPQ,IRON IV,IV,IRON
P47lkLOUMjZbc6PoqXIkT24kj2c7NwN6bdK_b1n3HTcyW9H1UdjrehgTOAv5MTtcrLZCSD0Fb7YsUg,IRON IV,IV,IRON
o9wv6Cdfaf9UE1QYOoaYfaIbweRMIw0PHhjIGNTGSnuyOzh7wP_l7zvZQFaqNwdolhqfy6wCVGoH9g,IRON IV,IV,IRON
CTkqlDqVELTPYNvERtHvo0p1jHnMsOgCxKSzcHMt4QlAFT4NlJ6I3Qfu3CtG_TF4waItQ4ySoqrlzw,IRON IV,IV,IRON
YDpT4wtXAka7cCmGC3rGYpudvLUQ-S_emjnTUxFGmvd6gqgZgcKgAW7bf2xiRTd-1PvERyAqFGrx4w,IRON IV,IV,IRON
1BB_dv1Z5fDFhydIbokI-FV79i0rmu1pGyLwqnO_Us7ujbIltjkeVwVvC9QboeDRCltILvazRBzuBQ,IRON IV,IV,IRON
c_TyJ23C8ecGKIlSsJ3yes8jDkUtm38PsTSwxpv-gyaBOdblG7kGdWCOofvahBHfuXr2HLSS1VGyOQ,IRON IV,IV,IRON
UU44BYdfWPnpxrSGvXEZggeL5st1G3I-et5yEBrjMfiEVtF74wXogpsYp4Cfd8Ng9JqyG_i8TZ0TTw,IRON IV,IV,IRON
eWgLuJI8U0rI-tSs9SM-WaE2JOevLvbnXMiAAbNBnRqODC9zEdl-0lTAYfLl5XbyxVE__KW4fNuaKA,IRON IV,IV,IRON
nXifxTRJiEaeLyfiSb-B5ScPgQtQPF1U6p98pYHLmoHxh2os591DGuwD2Cmb_mtNvasy-SkvknqJ_Q,IRON IV,IV,IRON
lJp9HMrpOlX7GWigKq1qWu1POaKc02xFLyfKi4tcSboJekSn4YTsvV7vtyo-5P2NPwyskFRlA5f3iA,IRON IV,IV,IRON
IQm8jXHITbL1AufvHSvJ97P55wsJ5UId04H6jpZVu8fuVZnJ2JLzdnTy90ocacLV1dUiQr-qZVtMRw,IRON IV,IV,IRON
RniWK8mW52CiEiFy2f2uaeukU8AryUJ5MInUuoE-34nlU4v_2wqfr2ri7PmClmgkFRDplmhPX0FRXQ,IRON IV,IV,IRON
fZQwMdvpYDdEa_SQ9IdwUbbumm486xSOPg4CJXDZKp8px_qy-WRULSLoZcwCK2bsVIVKMJiTa2KtZw,IRON IV,IV,IRON
tMbgQLj6NWzln6-1mtPB6vKxL688IfXMMUn3K6gxkxMYL-bwjBeRIlKTBAYsGfWaJLWAYDrOS5Sc5Q,IRON IV,IV,IRON
lJp9HMrpOlX7GWigKq1qWu1POaKc02xFLyfKi4tcSboJekSn4YTsvV7vtyo-5P2NPwyskFRlA5f3iA,IRON IV,IV,IRON
0Dr9GJJYBu-9J_ZTVAinOBjeBcfWfL2mK6w0jh8PvhuU-xHeZ5S7rd6UlmBZOeTgOMLnc6Z9gIlDLA,IRON IV,IV,IRON
05eUA0AKchutkPxE3l1G24zfdiOZZxPG8FLsQ5c2_Egb7IU2em10JhEvT3YB84g1kEPxleWHZCSgrA,IRON IV,IV,IRON
0DRTaH5AHhk125yIbilvojbr4qPeSogha2TwjMRnlVY2wXV74I5oZ2f9HbwfwsyKR4Djhmn6BDdhpw,IRON IV,IV,IRON
mWn4QaWSnVMafTNoNGTlDZcxS8sGZ3uuO4RT-98vejJwtAsTzPiiT1aeTi_3SBuJqpz_1DRd7r_4TA,IRON IV,IV,IRON
0PFMfF0F6R0s2dluInnDXTyaG79xRCcDDf3iTV-XXLezDSdlamYa-xtFp2HLARdPwkAsK8Lpgu4-eg,IRON IV,IV,IRON
5_yanAkWNRpgOSO2fiWZgDLZTG99R0zZANCHMrnpJMJ906EtQpkuOfaMXWkCIL9IQBLw2zQW2Ep88A,IRON IV,IV,IRON
Ylbt0DPP3Al_gukhxcPKSaLdYKIc4cxRkFUHPtWX-TSx4vN3cAXhhNf01x_idsjDg_rRBkB2vP4j0g,IRON IV,IV,IRON
QlSL1yl9VE_J4-Om6oPKf9tRn4zrnYu4RRcIrTePfalqjebfcE8lMIV-6cF1J_IkT3s04E7Fvv16ng,IRON IV,IV,IRON
f9xk355XtttDcAfSA1U7vYAzyXypQPNYET5KrpOFMmltlgKIfgPBheJ2F71_Pn2VO1KBhBLgsfkpkA,IRON IV,IV,IRON
lJp9HMrpOlX7GWigKq1qWu1POaKc02xFLyfKi4tcSboJekSn4YTsvV7vtyo-5P2NPwyskFRlA5f3iA,IRON IV,IV,IRON
ywzaPSNSOLVV4YcqPBzV9VffdzZpcusHwkcf9fu1_RAB8ZFIzz58-qXgbikjYLtOHzlloWL0EPQ5Vg,IRON IV,IV,IRON
sMhFaScoerbPewsQlHCQoJTi6-T3rC-OBE2JPjFHwzwb6T97rRs-qurPvuuE69McZdDJJRp7vohhTw,IRON IV,IV,IRON
0xQXzUCaPNBYI7eMDkEDL_K9umyFYxZRFyHTEU9wMqCTbEkH2eLxVMLFjrbGMI8NC0rxeoTqmmlL0w,IRON IV,IV,IRON
swajBVCa4brXJ82nJTDI7nO3l9xs4RPAb676lC5rnIplbgmMXz9mMNYXufnUu0nGJgpmZ8PiWptUag,IRON IV,IV,IRON
TTF9PagVHMBvfTUQTTvgHUwitIfMTfMfFTRDseDQaOoIGQmo8UhogSviYG3lyVho-xYsYNK0kQQkCQ,IRON IV,IV,IRON
2n0ibNw9GhEkHndza_ZxDo4y11ULx8Vj57D_AQGOzqun20_TDWridjjYwC9xlU3fhD1gXkNG1N9DSg,IRON IV,IV,IRON
hszfywpxd62_vHYZBKLiAPJrG1QiV3BHA-3F6TaHbiPmF4h-D4MHUI9MjK1gUDidCfIDHOP0BxmVGQ,IRON IV,IV,IRON
KNbmomkF0nWf9QApgzRcIfq6_6M1_Cb8PRX1UruclyRaLEPwEvvAFRaFFKrhm_kD29_816Di9tYsJg,IRON IV,IV,IRON
IWyMfaWh--RdU3y72CYiMZhrbRfjojA2BGxbovHmpLJ_X549AkQybOTxZzdmwIUzjiVUqMg_ayiNjw,IRON IV,IV,IRON
f89LhZfYkL4K48lsl-VzzEtMOVKFjZjknDlKN4BSvXFAG9rkDs8nXXjVqAd4fZPI9A84Ta2o-FzU0A,IRON IV,IV,IRON
HK7NU8dXbczkHe5lJrE8Xi5zFYHCxFHp8DfXOZ9tBqCftw7etXOshBd6lKzIyvhsKsWEMEWQ_2eTFQ,IRON IV,IV,IRON
YBmPbQV8747ZXQ2hKg3CKTSHbpvhvarlHGw69zC0rLVv9SfJzhxqSrMXfxDzYP6myXiMH4koVxy8aQ,IRON IV,IV,IRON
FRM3TzKZB-a5biDYwyTx9f1WIwDd4RoPcIeoHElP4Bgx9g2GIC8NWBQ579-Y3Au8ZL0zQxlaRZrlRA,IRON IV,IV,IRON
FHgtbGgSXu_0N-cmhwVEq-sXZdcBDw9gqRhkERNZkN5lvNjtaoueJFaN0lBcM6eZI20U3bKmxk74BA,IRON IV,IV,IRON
lJp9HMrpOlX7GWigKq1qWu1POaKc02xFLyfKi4tcSboJekSn4YTsvV7vtyo-5P2NPwyskFRlA5f3iA,IRON IV,IV,IRON
S1SvE7_gzhovexWh5owViaY3asWYbfve7IT51bvjUznW-asp5Nui_OnE5XA0rg0KDwL-Y2Blwa_SFg,IRON IV,IV,IRON
EPO01fA3CyckyvIqBrzZCn6mYKZ87jvJWzLtB_5lErp3JKIzik5qp5ytZFM3NbfydVPLEwWWBzlBVw,IRON IV,IV,IRON
o92Y0pzc_LjxrXKoRd4XUo13yJ18dxlZsaJDbyqrxI9o0_zyNUMZE3S_xg7A3RXdl14N00LCEf_T_g,IRON IV,IV,IRON
TmTGN3IDonKKbvU_DS5nUtrdo9MpeWIkw54c3798_utQBCAf6Vzhcg7b0s6bfBBBa432mGN-b6rmxQ,IRON IV,IV,IRON
6sW0i7V0Ipk40W7wl9Hh_FSsFGdwxVSmlfp3fr-sfh_0n5jEo7nQZLrKYDdbrsCrRij9m6Ljogm3Wg,IRON IV,IV,IRON
WR-veUslaSY_bLZyzYsqK0Mzc8YU7J1SvECr8Sh-WZAtRw1dwCaazswyUmIDNbP3odugPvj1ZuJtQg,IRON IV,IV,IRON
3fZntwWbYGjdDjvOoExy4KUbxtw89HCDzvOC5QX_H2RPdMhxawMca3Cvgozo6aj7fQclbLe318FszQ,IRON IV,IV,IRON
lJMZl1pgQiUQ_OXCvg4B0kO2TujZfEip51qcUfexeF6mqeA3sasnjquuCDSHbq5SNHIdgtXrrztIfQ,IRON IV,IV,IRON
Q6nVvfjNgzN5gU1YhU5tEf5Uocq3Cekb8qzEG0SMRGy2WW4rZeY4Xwp9KbrTxb3ruo3rtRpNFjnAZQ,IRON IV,IV,IRON
lJp9HMrpOlX7GWigKq1qWu1POaKc02xFLyfKi4tcSboJekSn4YTsvV7vtyo-5P2NPwyskFRlA5f3iA,IRON IV,IV,IRON
NhTie_OqK3q70tCx9ClkNPekHZ2o_PcaZwk1fT-lNARxdNll89iiz0PVo1sL1cjQRfHh9AvYuL_gjw,IRON IV,IV,IRON
MflY5JryI2Jei7Ls6z9K3oAB12YGrEw7lWeiM6cy0Mj5RfHNSo6t_FBu0ssIwEbBtHEsqngrKkH_2A,IRON IV,IV,IRON
ZdiRZNtadRy3u_TgAEl6oirg5J7XY5VvkP-uOx5leJZR9hNdXrDwWbx8UWKv9RspXdJ1oq5da256TQ,IRON IV,IV,IRON
ZoJy2k5EGqET8aGq12Wnma3NhF8cXm68vCZhE838AnSYJ3PP4mlf_4FwlKg2ifdKqQAQy-X-rbP0fg,IRON IV,IV,IRON
k5HAgOwWDHXUZ73Q_HvcQlBldJo7CkmwscUYA75PqPmG_Lv6nouJMkg8AcmInhmilrTOavwZi561ow,IRON IV,IV,IRON
TP4QZscVgLJgT2qo_CQj5-Gm2I8DmTRvwcI0yXZOM6py1nHp4yptsJcF2RxmEGJZfPuLUi8A_FY6sg,IRON IV,IV,IRON
uDcdmKofN0-awePqWcWQWpWLEYMWqR4dvN4FWQa5ypNnnueJTin-IHKJdtb8iD2N_Cu0jRN6XDAbHg,IRON IV,IV,IRON
y_VbpsZchkMWdqnEDA0jzXVh6U82kwTBcCv7z_4GVnQ6nlgcx7CoiUAc55GE4HiqNH5ChxZkAAnNew,IRON IV,IV,IRON
-wzvnqq86WwEsy_8GuL3yAZT54zMhro-erNbXXG0TubslK8foR-MCAeoo4r5ovEkPJ-TjA0lMSM98A,IRON IV,IV,IRON
lJp9HMrpOlX7GWigKq1qWu1POaKc02xFLyfKi4tcSboJekSn4YTsvV7vtyo-5P2NPwyskFRlA5f3iA,IRON IV,IV,IRON
tZk4SysCJmLTK_tnFpCjUkcBMCfsLVfAZq5ONyJBMAHsdo4iWW-yLw0XKagbAc0h3NFVXfffzxOK3g,IRON IV,IV,IRON
E-LbG3FV5C4z2xMbf9QvAsYqEYXc68Y9PAy31bBKSHuYeRIUugEnjvkNUpTexiRuHTX7PIh8_9AkOA,IRON IV,IV,IRON
uwpLoJYwaESSejJPD8UHu5-cSZ61qQUwEmdWbSqZU2rD-DfVkEmcEi0HJM2QBshRGGwzzhHk68CVzA,IRON IV,IV,IRON
DMNFXv-SZW_LzgYsL5xZgmkArBMJJdNc7Kt6x2Icr7grbz7EHpsNakoF4mw6Hy5AJa-iJUPgL3xUXQ,IRON IV,IV,IRON
_TTgUmjQerzw54ejL_Rb6OZlMA_V5PJbBSwUV2TF4W5MHEATQp53L_QkHYRZ0t-cUHK1PIgJ3-DWkg,IRON IV,IV,IRON
qNvRRbGaoxNptSPc9fhQOTN1doP5ElMBSIfoZAoMErLOQfeA2dJdPVXjJKCssAsjdmZla7FtE8SsTw,IRON IV,IV,IRON
Wf7RpAlnd0Dvw3pXFu9P8ZpirGeIjWp01b12kE7IqksAbP9ocKTkpdWi1pgwV5n7F3DNxjo7ah7AHg,IRON IV,IV,IRON
YNYR0vO2Ov5DKyXiVp5KrRzNrtBVJxvnGUWLKJRw6ctmfozasTIitTlL9858VyVT80y9PENrSLY3YQ,IRON IV,IV,IRON
1mQRXJgi1YhOA124xc2bdXpBoNPOH6zWSxmu6eRPUGmHnkWdPDVWUbevl6S27n9k7zMBA2_YVrwxIQ,IRON IV,IV,IRON
lJp9HMrpOlX7GWigKq1qWu1POaKc02xFLyfKi4tcSboJekSn4YTsvV7vtyo-5P2NPwyskFRlA5f3iA,IRON IV,IV,IRON
HBqWGEI_PEvB8Ewwj2Gy28dW6xnQriN6ZCYU-2gaqHev4WgAdsEZcg5UsqMiRhgWwsw1Rf-1HfdfXA,IRON IV,IV,IRON
RmDxZwGfMF0JTB7Dr6-7a7WGEpz_Yb0ndCBHPxVbDPvl1b5iHU8rdrVVHnVzYCR98gq01HdknOJOrQ,IRON IV,IV,IRON
XB7lPdmIbo6USFGCo6ZObJRscUsPT7je4j9XCFW904w7_E1zyMF0eLXD6IbHkWRwWXLOA6rIGJdFaw,IRON IV,IV,IRON
6J1Z5WS1JQ1x6BmfQe-Y6znwAzZbVC3vqiIQSpG5xJDdJGyKQojgKagre1SfriHMtXE6YqsNquMQwA,IRON IV,IV,IRON
PEdnBpHcYpYy2P694NOGS0jBVioIJl1h5x9b_V7gRTm7bCLEIVg2UY_SVFPe73pSEUTY9dJVsDtsHA,IRON IV,IV,IRON
MPluxabYHulLs-KpuhCKWv8VGv4z8zHYzVDtvPveIHX2TAFZCtGsgU9V_SO38XWDk3KYoiCYPJyMfQ,IRON IV,IV,IRON
yC5CCznZNrel-3q4xqslnsCo0gO6Pt9mDWcC7djWRcD9nqbsiqTk5y27mKjsfPC8su0X3vfzpfEZKg,IRON IV,IV,IRON
3luZLdC9O9Oio1p5whQupvyO96nqoZu9bHUyvStfayGxciOVAOAo8zklgXo0MLuZ9oCh3ZkwNjuXkA,IRON IV,IV,IRON
UOVyNuTSAsv5YHVKWEs8sX69ofopxEkD8x7QKulcrm1Fhp85fcGJE9gNzAVe5-X6ouarMc7RNN5pjg,IRON IV,IV,IRON
lJp9HMrpOlX7GWigKq1qWu1POaKc02xFLyfKi4tcSboJekSn4YTsvV7vtyo-5P2NPwyskFRlA5f3iA,IRON IV,IV,IRON
XpINUdIRfvjP4XKjg7_2NOT8yVXWyJLpN3sFm9IupB9Ka4sS4wxWmcAzHXeAkh1mx7ZQy7GWy7iTfA,IRON IV,IV,IRON
_dPFV0HUL58LIaeMP3j_EJjuvvnjkY_2_KrqkrQK7MexMPZssnBr0tk2ahNB7QA_jdECWCMNOKJ7IQ,IRON IV,IV,IRON
Vc27xbavIVbhj92P_Bt3o9Z2UQ_bkh4iT-M4gCEyhwRkmF3-cPiU8xtfu19NsCbmxmL1ljp9RAmX0A,IRON IV,IV,IRON
M45o1jz_wdYoRxl_KLE00ethyr2UR1oXMP80IHvxSrLdUq41Bus6im9UaBHOchyZMOPuT5jzihlInw,IRON IV,IV,IRON
jpOP7CLQxntKe40p5h6Xexo-8hRflpq1ylnQS32D00XlbN_NzKuG8G-kTzyLXKYB0-a7G9jtlqCIfQ,IRON IV,IV,IRON
DSSs81cHka1hyXt25JSoSUtFgFrUnt9AHqK8i-JTjbCb0hELWONODdGFzVtva2RR21WVt2hW8DlOTA,IRON IV,IV,IRON
8nm6ap0whyk8_3WzljTGkVHmqKpceepGdxkpK8qkINhN2dYF1aNsD8d3mXZHlt9PaIP5FyYR6ovhLg,IRON IV,IV,IRON
rzDGDKBsWGSQ4RpS2Z_2U6C4u38S1exEhm2dtBVnZiI4SjUWhQt1XKNj7sA23xe6iuU_0qDZBdQGfw,IRON IV,IV,IRON
YrIPGV6EbLQAw5YqqOlotkSxEbj3DEWcdNZbNr7KNUPLCDJjNdIxJOZ5do8pY3q-4IO7yiT7LSE9og,IRON IV,IV,IRON
lJp9HMrpOlX7GWigKq1qWu1POaKc02xFLyfKi4tcSboJekSn4YTsvV7vtyo-5P2NPwyskFRlA5f3iA,IRON IV,IV,IRON
I2c3709biOosZBjIEUrQJhHFrOvuEwgqnqZ0uV8kMVC2nz5JVqlmjuQfPR3acQp5AqSrTMQL3RcOUg,IRON IV,IV,IRON
BkU7GJNNS4lLOe0drdo55Bnp1rnlwBDT8H_koNbSsqDKdkaThltxtVmZA0u0g83xIocZc-Hc922wsw,IRON IV,IV,IRON
6czk0VnoBPveM2fXR4MvCkAVNpzYAHIS3KzCvyalyLrA_foYwZyy-b8NW8-aiFfpo29qqC5OZUqX8A,IRON IV,IV,IRON
XHJXHkGXrzngfS6i7P9DrDR8DwtJaNVo5Mzd6uekKNJ_a7-zrlrur_n7zJI_lYTt4puc8tqTpPRsFA,IRON IV,IV,IRON
lJp9HMrpOlX7GWigKq1qWu1POaKc02xFLyfKi4tcSboJekSn4YTsvV7vtyo-5P2NPwyskFRlA5f3iA,IRON IV,IV,IRON
KqezpJ1dk6EGG7TCrgR3ZILqmsHigC1nw24iuTMU5a9jci2Yu9RIeXO8CwzlcxkFCIlhHSZX2LV5lw,IRON IV,IV,IRON
Cy9_Hqpl2-m_rk8ZuvlgAwvInkqNfrIlbq0UaHTM6Wfy2FfhEtUJn_QaurLM1ZlQRaKvZpGXtdN1ig,IRON IV,IV,IRON
PEU0HP19B2VYP3V2eltZG7HQxDF0Oh08z2TjN_MFG88fxWTX9Y5anVQkM39xd4foEeOpvfO9ljG7Fw,IRON IV,IV,IRON
FVvqINSbUWzrqFafhAOCoPZx9fycYSDAJlk12mvLr6YLZx3axjYV0pdjcVjYxqn5I1T7ed6JIczi4A,IRON IV,IV,IRON
TXh4ecJajdZmmy9gGxlY_QIh9Mzgu-1CsZ98Zm6xpBztqEdsRHIkscs_BmcL73jm_mDla-DbmPsEkg,IRON IV,IV,IRON
OHy5E50GUeqyLCG9ZVoZD2PqMLAZZoma1_HSM2M9XN57gD2pSRyRz7k9svTwrw5kMRyNkOtR6w5JtA,IRON IV,IV,IRON
pwtWxuAVQv7czA1syDklVBVAMn-zxe_fDr2bClhwIsX3difAgEa2Z4-7o-S536qntTZaFlwjvhZmeg,IRON IV,IV,IRON
sMwS-pNfTQccXXmHSED89W3xHyobp5jA77t9p3hQD7x7tVIWWjq7Am1SEXyR6chyaxa2ZtRTYzB3xw,IRON IV,IV,IRON
aZS_9vNaeSyfiBFNBLn_BU9zRG7aW7Gal7I6twHb1sPFbMLX8SSoETknmNMiTM-dzKUOOlwE7NCROA,IRON IV,IV,IRON
lJp9HMrpOlX7GWigKq1qWu1POaKc02xFLyfKi4tcSboJekSn4YTsvV7vtyo-5P2NPwyskFRlA5f3iA,IRON IV,IV,IRON
EAKNIjpDj8ysG3DbUE4n3WlmYUUqueLtxoxzLn65OTOaobEnYnZMg3NpGj_QoU01KWo7k1_wcToAQg,IRON IV,IV,IRON
duuYm9QQd-zg09MHqN0w_54hzw3zN7OqIGZCcpVj5awpp_HVhDfJodFBhGA1deXRRWD6PaHCJpF_oA,IRON IV,IV,IRON
NLeF1oh5ugDFHcUu-PWKB6rJxMBPQhVvfoFphuYzyM-jUQTHYzn1P9IucKk1DDn2teXwjxBJXv5-Qw,IRON IV,IV,IRON
4zmncnM33y3qMCNnAqEpTGGwYPOtaOLAK3VNu2wRqJ68nbHdwRTVtp3_1Zju-WYUkwAuaqmKuHEkwA,IRON IV,IV,IRON
ZKJsd9IlfS9GZJ6bLj8v2qC5BN_qDWT4B_Z0CZIboWH0WsO7JswRS-V7sDnaSTMM_kt4I2Sk1nVm_w,IRON IV,IV,IRON
A-SN7Z4tz2DQs_PpJIQtBE30wBGg-WBUfQraWtwOwHeEzvqMuAkD805KCX2Xi6djF3wL29Jm9pG1QQ,IRON IV,IV,IRON
0PkgNvBzJlIeEJc8uwF6qtfxzkeW5IqYbWS0qqFPcj69m2Ok-pSF6nS4BC7q1--weqsYfo5RqHvYhA,IRON IV,IV,IRON
XlV4JHdh8SBogdgSuaeFRBNBDMca9RdAJWbUueHdu2E9o-GNciXPAPrMH1GDj8i35rPudCmFERRcGQ,IRON IV,IV,IRON
Wh9KPuUFpTd9MKzGhSCSjaI2AdGKlzRHOFGeKrVkAol-5oj37k5bKDQB-Fnd8GC7Cwz5bfKMM0mmQw,IRON IV,IV,IRON
lJp9HMrpOlX7GWigKq1qWu1POaKc02xFLyfKi4tcSboJekSn4YTsvV7vtyo-5P2NPwyskFRlA5f3iA,IRON IV,IV,IRON
kETfSrNF-mImM96lg1G-mTNtPskU2EpEzqW4LSpkKxHnHGc52ShIqfSB6nyLZcNKp2Y_gBOLdp8m4g,IRON IV,IV,IRON
xe9hBgqyeOmiSFSkwQLD8DY4Z4Be9hd59RWF9INQ0k75azXg7MMUFMmpwoPT88MglXF7es1NKg7QYA,IRON IV,IV,IRON
PERC10NKd5tY1kszjCwKUagozy9mInQfzA2DRKZjZ1plkRDoc5YkYviestZdCBf_7Wo74rJ9_U2-iQ,IRON IV,IV,IRON
_QvvoZR34YIsB8JVKKowYhcEhr3CMhOpM_2iaeCQl8ow9BeQGOegOJO4-lf9SL0797w6txCFUYGDXg,IRON IV,IV,IRON
7N5xXFw8c5VyrnYoJxuupboKYc0ajXo_g3ziERdkLh81wRys6nuK9Yc2p4bhDhGO_vVUR77goIsqMg,IRON IV,IV,IRON
Yfsawp9PHn0uctK8OgUAGJ2n_NP6roOhZJxGZSG-AG9GURWxGwxjKWofE5963XDIjJYkksXNXTI0jA,IRON IV,IV,IRON
DGhbX9b4Ooq_54TderSCPggE3vMBIVsBG_UxnxGStVHCVr7zjzNEBua65oYLR0UxXiWyvpVsacFbCA,IRON IV,IV,IRON
uuzcZ_3hPTefu2WKh9vE0AeKn_TAnQuE_pC-mY5iF6NfPm8mVCVkEyaNH9HI9spCDZ0DuZPaCmKmgA,IRON IV,IV,IRON
6Ge8tbETmoeFdHA_KyEX7N8UilDAjm_M6rrzBWHsR2-S3Y9JfOewGoc-dqOZthLsG9nW8sHANEp9TA,IRON IV,IV,IRON
lJp9HMrpOlX7GWigKq1qWu1POaKc02xFLyfKi4tcSboJekSn4YTsvV7vtyo-5P2NPwyskFRlA5f3iA,IRON IV,IV,IRON
NofvRM1X0hSDX7BzLJwkmx80TLt7MK8zREMrrgn8FVcrdKOwIEOz55rLdaEq2Gqzru6-JmFWUmcqcg,IRON IV,IV,IRON
EWOaqOS6fKLWD7CfQbwpyM0bmNETEugKaG0YCf2ihtq9eqzIHLqRkpz5iaMJno8P0XsBr4QtUllZYg,IRON IV,IV,IRON
yc13_ImybjWahDtfY6v5Ty-F0pnrvzOerNcbvvkg7sBq2ARih2q2KrvdSKXKWmVO30TnkINpQRfvRA,IRON IV,IV,IRON
c63PVkzV0f0lyuAOapFnP_B92r88VCdvlc7iTK_Hg3_JllfckzO1Q8jvU007vVMdqSX0aAkgvC_K-w,IRON IV,IV,IRON
caW4-vQA2iI0E2q0xauhiB2y_-lXruuJxC1e4Cvmn5UCtmWWj_UrpHCrODoU2b-lib7-NMvV5vvzWQ,IRON IV,IV,IRON
EP5O-YKnntZhW54BAv66vysjj2AOOut-O-tSEfpso_SR3KuGLt-ItRhjj7eKrckbgzJpcomlLETdsw,IRON IV,IV,IRON
lMdvR1GgA5Smf9JsCDdTuqgO7Su6FrED9yeU4LUxdRpebp09lpVpYSALxowkBnVMEX8CXKPACtWp_w,IRON IV,IV,IRON
1l03M3r0Oe0kwqKlx0mj-J_1QA7qb5GkcJkeE9KmnTodaXZtWIhs1zs8wTa7_Ym-oCxSwg5ENvCZ7Q,IRON IV,IV,IRON
6Ge8tbETmoeFdHA_KyEX7N8UilDAjm_M6rrzBWHsR2-S3Y9JfOewGoc-dqOZthLsG9nW8sHANEp9TA,IRON IV,IV,IRON
sHNmovJ0y7U4VE3Esn81MHrsVpZd6BbAdjyyozDKwLWnenFnu3yWsY93N7DoGWYcBMw1lNM1NVTEvQ,IRON IV,IV,IRON
Sx4Prv1c4SzHToWhc62Hk4EWEzvP3GchARKZd2-TegvQePBAMXxZFhz57eHsWD3M4w-Hx89pNzukkA,IRON IV,IV,IRON
chdeYwXOjKXgbWEOgxhINhBZt06CHmBVovVLRxF1Nv0tQ2MHuMHmMvXL511pvElYfqWK4ZxcLBVYpw,IRON IV,IV,IRON
TqsHDcEDvJWmuFVNQ3fhxJqKm_sRpkCMdfVRlf0tbl-Bm3c5o-SmkZzjFIGh8tqYwKnDeRxueajG9g,IRON IV,IV,IRON
8HAbqX3qJMAIXNgoWTnOcsrtJnZHrA6qyfMOPhK_Mf_S8XuQhgSrXarERWRHy3fl6cy7u0WQ3QvAFg,IRON IV,IV,IRON
lJp9HMrpOlX7GWigKq1qWu1POaKc02xFLyfKi4tcSboJekSn4YTsvV7vtyo-5P2NPwyskFRlA5f3iA,IRON IV,IV,IRON
2l5jVpJe-j8Ajv75Ql44XsH1PBwuNSwK7hjVgI7USQe1Kh73jeNvmAFp57ZI8otd0ijvt54cRGYb2w,IRON IV,IV,IRON
YtXyuA4chrrUS_qCoZz5x6s1xXRHsfk0MxTPtUsaDhX9lh29MjKsamT_gVfgDi-umY3jOINnhNDnKQ,IRON IV,IV,IRON
8QQ8V-qScI2KwXMozg680MRKZ-EvClcorYwosL5u3uKUh6_ltw5ig3EAkmlG21jc36tOkr3Z0UZi-w,IRON IV,IV,IRON
GCmZRkJ3ZfPueGyzI84EQb0qavMNbkNXLIxtqmEsaOFLX6TMgC6-mQSyzmKrWOP0-aapqMkBkzxaWA,IRON IV,IV,IRON
Ban4zyanV6X9309MX-Uxi9s19moYytyJspSIccZsXWXS82-i11Hfpy9jI37ZGbT1-NEmThGyPzcfqg,IRON IV,IV,IRON
nVypD672sLICMEKnXUNHSX7Wv3HtIyUdgke1xvfQSHz3G8SBApXyhPoBE3XAsqckR58EZhnP-rZ0Lg,IRON IV,IV,IRON
NoVLNkBDmE6Icne5MFPnqm5DnN3chMxrPtlypdTkx-rEyf5Duk8rkbr4x2_Ae1LbrPZpeLAbW7Y9_Q,IRON IV,IV,IRON
z-LUBblspgoQbUFNHkZXA5jeVGSLvebaI82NZK2Z6BkypMwucjuyPZaAa4k1XYwuJkpK5BpxB2TMtw,IRON IV,IV,IRON
e5WpQ-2QEWGCe3eOWm0w16kIOjnfjVUSBdf-YNjsrkCdUa4hQnszIU3IYXYolUlZITWmS6GwFu8XYw,IRON IV,IV,IRON
lJp9HMrpOlX7GWigKq1qWu1POaKc02xFLyfKi4tcSboJekSn4YTsvV7vtyo-5P2NPwyskFRlA5f3iA,IRON IV,IV,IRON
k9ME7AG_B2QaVQpOp9pVhVLBgYVZ_0TG9l6BVjb1AcnUIKxnaRcu6OpEPagylV5NTfJ7ZPLaskF1uA,IRON IV,IV,IRON
Y_ZC0th9pK5AcWOjYsojrfMSxsnYRJHiD0MlLPk9y64-1jmTWWnlrlrs71hnexYU5dqiqsikgC9RTg,IRON IV,IV,IRON
b3f3Kq0-mNtiUja5Bj9QgKTXkg3haWpYxLoRnFSTGN1SPSlltTEItRBBn87izdT4VFwm1lIStQyDwg,IRON IV,IV,IRON
yJ1krY4CjHsZUtlmxBK5KOMbz6HGP-afq_sjB5EzZb7vjGPIyVfyM9erixbODh2AFFQL6IpcRFmI7g,IRON IV,IV,IRON
QraWIPDD_V5paZ9tujBA_chdgAOQxmDM1RQMw591xgLrXWS3EmKVmioxu679J7lkvkkojEDQULjsYA,IRON IV,IV,IRON
LQSp9Yi7hq_ewkGCAjo0VJu-TiH-YdIudIvFi91-_66m23H56_e32Y8NIKuwbyjTBtux79fC8fgMGA,IRON IV,IV,IRON
RmDxZwGfMF0JTB7Dr6-7a7WGEpz_Yb0ndCBHPxVbDPvl1b5iHU8rdrVVHnVzYCR98gq01HdknOJOrQ,IRON IV,IV,IRON
GlRz9Q3kuxuL6Jq8qIfy_UdRhH0S1VHGphMFOseb2eMuw7innEmUo0QeVwxCZTY9V57TBcX9XMeOeQ,IRON IV,IV,IRON
OyMUXKwuM_KFJ8VrlUemBSZ0SD5JY5Rf1EhrxURHXv602wXhZa0h2Xdu0XVSn0vk4ndiI6mXdxpxng,IRON IV,IV,IRON
lJp9HMrpOlX7GWigKq1qWu1POaKc02xFLyfKi4tcSboJekSn4YTsvV7vtyo-5P2NPwyskFRlA5f3iA,IRON IV,IV,IRON
bNVTTjQw7uYFsUM6Z5wUq7hv_x-ULwLmYdYYwJoe85uHxEigfV0OK8GWZMZETrovMbyuh6SpTkYS6Q,IRON IV,IV,IRON
kf5M_A9DFQ1OuUDEzFTrGLOblFjii9LMWzMTqD7K2RLIl4tlrY62CT0k4WH8lC8qsppQwWjgihJNqA,IRON IV,IV,IRON
lJp9HMrpOlX7GWigKq1qWu1POaKc02xFLyfKi4tcSboJekSn4YTsvV7vtyo-5P2NPwyskFRlA5f3iA,IRON IV,IV,IRON
QTYZyWY3neOSbkSUYj7vJEReJzHGepRm5QCNhJANIVxBxzvno3eoZFe58x39oK21AW3q4srOwVk4MQ,IRON IV,IV,IRON
1O5-3v18EnJvNFQ4Fs8QaCOsDjRRPq18OC1HLgtuyC8gaijaWftQRHNf5TrcmoJH7_dVkqYfKwzy7Q,IRON IV,IV,IRON
dbHdEm3Hy7-U5lZhGiJfJPt1bRQhC82hR07hwPI1weiOqe1xfflQqJY8eRs8iJpL_q5buT8y3EzS-A,IRON IV,IV,IRON
SuECoa220m0qBta8BgW2SGToPVcWfh9TS8uT0Sg1LzjXAe7bHhug3KyibI2_yWfZwGtPeqCivckmAw,IRON IV,IV,IRON
3Qp2m2p7Ah1RJ8c5V7Hfbm3FepjYhVK6_zH6V4kKHEC_Ib5wzLFsC8BTy-igh3ELGs_gBuONYu9yGA,IRON IV,IV,IRON
Ro9FwzT-uXKzl_wDX1F-OFZ-LeLY_MIlDV6f_p19m8WJhZylymS5uLtswyfMxvJ6Jpcy4TIl6FJFkw,IRON IV,IV,IRON
Iz-b_DmLa33nPYOpeZf71hzRXk_AMjE0p2fXrQsbm4Wu8NDHz4AjmoJrwNeAOA86tadW20Xl6fLP7g,IRON IV,IV,IRON
NPJMR_o21E8DN1HVWQHE8oCm85AWwjDyvOGRC1fIoncDj0SldlUua6-1V3HGW5qGLPhUDuXnYVeZgQ,IRON IV,IV,IRON
KSWhz_Qrp4xDwiTloY8-xrggYPXb4bLBwouc3yNwALaOlR_2B_0nNi-kXymb0YyL76G8EyBtae3eZQ,IRON IV,IV,IRON
RkatdU1BPfnGBzkoiVxYcbv16HTn7jRPMQEMtpFkR_61cu0BsYWJGWXHlaTKC87-tQhdnE2mtwYHeQ,IRON IV,IV,IRON
VvwQltOOaMSq6-TSmY_mPdyMrxyneisZ8ORhYxuwxrS_2A_bZ8U4FcJnWvM-a8ol-PAHd-f0L0KEVg,IRON IV,IV,IRON
lkmZLO7tY3vE-qlQ5vg5GhMZfo8PK3atMuYFjP7yqQo7RQHVYq66VA-6sqdDGzJj5RzfjiEwR0wF-A,IRON IV,IV,IRON
XS-cFP8-V8ojdDIv5FQIJp5-F1mR-las4s0qxpIOyli1QId5FTtd_gaTAMY_IXLaGuARyUv8d_KE-w,IRON IV,IV,IRON
M52h_TS33MlBpPiNTJQlCBjV_gnCdtTSR3bl1uYbWydLBHbBUeJTX749Dc01mNnhIlN3mc_93sVaPg,IRON IV,IV,IRON
opJ-Ani9VVx4HbZJ6XgBOt_lzAq1mmlpAWnJADzcNKBq5MYjgS077ObHFc4uUnCqtTMcrk4dWuEb4A,IRON IV,IV,IRON
A0HOlG8TtfkwcEVWSyPhavdC4o-X8EIFkvQIAaYpnAKbz2IQ_meb3DKsoj_03smuhe5XyRR96kOOpA,IRON IV,IV,IRON
lJp9HMrpOlX7GWigKq1qWu1POaKc02xFLyfKi4tcSboJekSn4YTsvV7vtyo-5P2NPwyskFRlA5f3iA,IRON IV,IV,IRON
rs6W5IDO7QfwaAMFPPweLkIHQbITqPay_IqsnrSERDJiTfnBQE3HLuZFyD_hi_EQltWKXb5qWsLYCw,IRON IV,IV,IRON
PQvg563pakTC8NxUztAOnoq-NHszCqXO214axiFmCNo-naSEkQaDXTk1a3aEa1WnkKs2cz7-kjXKcg,IRON IV,IV,IRON
rIMjrq5ZmChVuEpLRWPz9UHG-w8Wk1etVW-MBz0h63AZpaw4id0Pn4gRO3GlS0qtL1oCoFSRxIXLRA,IRON IV,IV,IRON
AYhJmGQqyCkDPrMyM6d5NSG0kVVdROMUlDS-BnrDK46D94oNWcLyU7j5i_dHnxLl9szKdh6xVdMfbA,IRON IV,IV,IRON
lJp9HMrpOlX7GWigKq1qWu1POaKc02xFLyfKi4tcSboJekSn4YTsvV7vtyo-5P2NPwyskFRlA5f3iA,IRON IV,IV,IRON
28pr7Lgtb9uVtu0QXJS-EhofyjKmQpvZPHcOgkuPkBnu03CP3zcNAxrn9k6r79rT8_qkLkAiD9O2mw,IRON IV,IV,IRON
ynqjvQZdKwW9BERLMLSVt8AFwUQZW85ksxlqrhoF00P6pufwI3mkmq15hkirlfTc6X5iESHnKSDGLQ,IRON IV,IV,IRON
l64cb1gnfh9hTT82cgeNZQCf0zorLJnlUBxgHt7CvE0Sh1f3SUrgjGWbhvPr5SwzT9sOyeaw0bgUDQ,IRON IV,IV,IRON
ocxRFaf3kfZCHDjnSiedIAiRs5w3W6MPP5nGYs95fTBPubgomOce3Ym9xdlF7oQMoHddLGMJrZ2l7w,IRON IV,IV,IRON
MggG6RVTppa7M-eaQk5nqbqMKlzFTurNT0tDALKb5MQeHkMU0IadFdtPTu4E6M1bFpR96EsNLzV3Vg,IRON IV,IV,IRON
f8Y-yzydHi4ViK2ngV2OZEOvv6ejLWZb1_HZGXzxCsUVjksEnB2iaOMavqQGZHdzGJRhxMja43_aoA,IRON IV,IV,IRON
bt-8djfTy5Azx99ZOuFbfMHD8LozaFnYRB8TR0APcO3eke0w8S-2DKxtPczO-JCreerLS8Ph0AFOmA,IRON IV,IV,IRON
-bnA5HYX6kTvqqqYRDp7sXPn3FWWRh_r7woId2LK-a_ogH3FvK3dQAkst-0ZTaQhSmKVeQPzrHhkjg,IRON IV,IV,IRON
7ztBeQ4AGIUoeuamSKdk0tirFNt3E5HLer3dcy6po8dtL_a8duIdYzDNMIxZjwstoD1YezfF03uCSQ,IRON IV,IV,IRON
lJp9HMrpOlX7GWigKq1qWu1POaKc02xFLyfKi4tcSboJekSn4YTsvV7vtyo-5P2NPwyskFRlA5f3iA,IRON IV,IV,IRON
TocLz73jXc7Xx2Y2bdALXmCor6UttvS4BIXZZ_MATNIZrZtTKkVV2kiJ0b8ATxK_519USiPtABRMKQ,IRON IV,IV,IRON
GVy893uI54kSgLrnxDI0NH6eDXjRFlJObEDOPPfA0o-NvTzQqf8rG1ajsPhy4cKtOLMMCVMhSSk6EA,IRON IV,IV,IRON
d5_NIlgx2rmU_OpQONoohRUok_dBbIYNwmFh5KOse7u86akaXa7AfBkpPPzsDOh_LhLjhwd3l2M6-g,IRON IV,IV,IRON
mk3lPrqdMGEUuUonb43oAVDAZRn3b0ZDImbWhOrrLvPRweHED6AUuPgQgqUuB-l9E5CvD0YjYfgfzw,IRON IV,IV,IRON
VKVubv2-aXKsCoGNY5LB5IS-hPw9MInUqRUwyElGcI-HsZKiPQUkvpkqfQ6_ZNFT6OqxxKC9Hvra_g,IRON IV,IV,IRON
wkXpU4hsIiDI_iauJvXSS9A1xeNhLP8LKTH7FcJDM1XLla2fn9EvOpp_SsYvxmku_R5VnRRUDYSE6A,IRON IV,IV,IRON
wxDu7vbuxmZMAd8TqtO9tNK0bjGvjKZGQwBNw6CDl5bowqiNXUEDsLTOdK58DrfLPzmKOOofymFM3w,IRON IV,IV,IRON
nnN5k1w-EOvsfNzq7KZR4VSbtLD7W0aGvUK-aVTrWdYpHrzylgv15w1hcYTxkIYjvd-4v_Q9NSdMCw,IRON IV,IV,IRON
ashi0UjsJI8nAjgL6dghVWgixMMFytulVYhi8IQvqFYw2RMBpec5QD_qEYaFtn1esTXyYlSNaCaMtw,IRON IV,IV,IRON
lJp9HMrpOlX7GWigKq1qWu1POaKc02xFLyfKi4tcSboJekSn4YTsvV7vtyo-5P2NPwyskFRlA5f3iA,IRON IV,IV,IRON
dz_dA0nv0-oZ0SDbLqfVlvomZYQepm-_m4TOCMzQ20XFokCRUeSpUtPsDNb99EXUhTAdEO8x7FAytQ,IRON IV,IV,IRON
SnvJIcHqLKfLR6Q_7V8msimic-D36w2cMSkeu17VGM-EsBJCs7u0KmGBz3TXVtASygecV7MDQvmP_w,IRON IV,IV,IRON
GNLzr2DsdgQeR5VFHHYVwowcYPJJrmRp2-2I3ch2Z3pZQ9T7cwoMKgZwCCUPAh15IAFlaanpSIYmvQ,IRON IV,IV,IRON
sqpNRMsRQy7vBnelPQC8fZgNBY72rLWp1SC63PS06ta4L6Ci8IcKFvb40IY3bguSf-gEnHgBQ-uHpQ,IRON IV,IV,IRON
Kdv-Rc0zQzomZ3FsicNBJRD7FJcoB29T-g-z-HptebyDYWZ4UGvXZCYavRLA_U157_9GpATHWxl-0Q,IRON IV,IV,IRON
Y5Keq4pPvgwIfJ6YhAvNBqlUdGAovAQR2lEoEb-bYT2EmgbnqlL6yctMfj2rv9hMnOlsrslJPtFBtw,IRON IV,IV,IRON
Ksr44UNEfvZ4x1dwpPm6d5qif8rH4vlqjtS5U8Bv13OmBn2U-ez-GgDaWZo4NDA1OGRgwvLPEX0Ptg,IRON IV,IV,IRON
wHpr-VgcuQVEkIoJkPcA2EzUJkb5PVJR1_i-zVeSukHOnWcbTwrCAxLHt9_ZjbszzrbekTQiiLHbcQ,IRON IV,IV,IRON
OBD6Yai_szLQBsr4W9WFKX4mK3tEPD8NG50xMucdW80KtlXhlJJAjuHnJdqE6bzATiN0EFzzKoc7gg,IRON IV,IV,IRON
J0lZIEj4PeUOXouQ67G-oqZD5O_Ybn1_OjJkPCQtJ_YLTqrjpHiqw9rSubFIAiRUVAE6hE_l8peDsQ,IRON IV,IV,IRON
7xkHTY-V_YjIj8vlPyv_Edr_A7Y-rgLwr5nssGLSEdnvI1rpP4UtJ0ueB6LdzAR5GwKPfHH_XvitiA,IRON IV,IV,IRON
uE33tI2bzopqUdEg2NgKYoB9fSRPNhWK-v_xkN0srC7ZGydpI4MZrENbu7nQKDTq_P-B5O43M-yGBw,IRON IV,IV,IRON
2aEFfpaAudxNX9Kqb2YYU6GB7jXcU0xyrIc0RutuydI2OhXX6YR_YIOB-PWu2eKCaXM2u08e6N39HA,IRON IV,IV,IRON
ScvzJHWhv6xqq56l_gJOFw74743QELDKesbk4l0QkqYBiNqVGbe-qklUuuma0B8-9g8L64b7bVOP8Q,IRON IV,IV,IRON
lJp9HMrpOlX7GWigKq1qWu1POaKc02xFLyfKi4tcSboJekSn4YTsvV7vtyo-5P2NPwyskFRlA5f3iA,IRON IV,IV,IRON
I0mKsFrLFA4RMQosrurK6obTVaWDXRIF6rGhKcbMEzbbO8uaX6CuuZjbIT_lHfRG_S0fV3t45N7-Nw,IRON IV,IV,IRON
BNqVJIZERRXNFBOtaeWA4txJyVY5b-hHk4hIHNtyVtqATVUr57k_I65b-ReG8OEhxnZn9b7icE7b2w,IRON IV,IV,IRON
ntdxG_vg83lWceQfUj8wC_MMI6P37xdOXIZnAkxAUZDwtzqzguppn2ULVOpfehEscHMim04XZSXwTA,IRON IV,IV,IRON
umCobC9zEKRt4mOl128wCLnkqkPCcXxU3JPbs8XchQU11DtgoRmmpjBty2Od-bieM0j-luC053OyhQ,IRON IV,IV,IRON
iG75Xpjy-Qfzz4_Vqws-Nvog-fSmRars_Aw55_YMprfoglP3YNCiY7hOEjZ-rRza3zWFxGkWWok7pg,IRON IV,IV,IRON
Q17yirWZH-roTpZdT_tIZngeH_T8sc2_fLfVCoGiCLLEcnQcIT2SSbDAkIhsaUr7DGrYvGRoGRgnTg,IRON IV,IV,IRON
5VsajPWSIf5djrMKPkwA5uOHxISLkm5wWC0qrGiBHbmWMxZ_z7D1riekm2aH5JSStn10hR35-jBUNw,IRON IV,IV,IRON
wiWoWSw7iH6BVvPx-ThxQSxRejD-RBDcmUKA7JX6bdwlHfHHDsRaTGpR1Mp3q7QlIeJQUozB2sUE9g,IRON IV,IV,IRON
lLuC61O16JZaZRDX6DT6N5qVHVTZ9jf0093aDLy_awXEczujDzdv2XOM7buA2PNR12oXDD70GrJ-cw,IRON IV,IV,IRON
lJp9HMrpOlX7GWigKq1qWu1POaKc02xFLyfKi4tcSboJekSn4YTsvV7vtyo-5P2NPwyskFRlA5f3iA,IRON IV,IV,IRON
Tcv4xiTUfjdr3kKDVFCp3XjD-1CKkee6N9_QqMuanjHCkL_-OIS72MQ4qmvYnU-V7Ae20oRZkVzueg,IRON IV,IV,IRON
hEtqUbapbk5ML5R5Q74y_UYLytH2xPg3QJ5o3UQnBAhm9yo-z7yJjcGPjOk7EDITwq3JtpwofVoEEA,IRON IV,IV,IRON
Rn9ESK6wgLjgxbvk28nkCpTdaoV-8c8QICnXEPPGTM5820A_6i6-12moSGxFcAGkI05WsJmwG8v0CQ,IRON IV,IV,IRON
2yOmJtcs9AVS60y6mwYZG-CcYM6Zuh-YjlHYXy6in8MEJZo2rhBiOUjSI_K611mIIc6_6qs6wAJFGw,IRON IV,IV,IRON
lJp9HMrpOlX7GWigKq1qWu1POaKc02xFLyfKi4tcSboJekSn4YTsvV7vtyo-5P2NPwyskFRlA5f3iA,IRON IV,IV,IRON
qkJeGT6v2BofQtW19c4OtuMSqFlI4viYwUGmI3lJzrCSOXpI0fT6Vas-NxyQoEj-2zajHjX7PUqR7g,IRON IV,IV,IRON
n3wgWngR-B2DKwWmkk7CAL2iJe3ZMozzZSZqlXLm4K_6wfuXOTNRy6lX-WjlsbgcWUpnhrqHvKeXbQ,IRON IV,IV,IRON
efHTqNupqQOBqCHzAKdZ0ZTyHBTyO17lDM-a4XLxerIXhanwrWLVWpXke3sc4wMEwNNA4Og-WJbsmg,IRON IV,IV,IRON
5bAk4Jwsl_X-TLGJSKzdlaYRC0T-AXtC0AdbAFc9LEmkbD2Q_dz5iYTcHaGiRpGWhiuhgmOB9NHqjw,IRON IV,IV,IRON
tfBdzzU3ThiSH3kK1ueZExR2JUkLKr3d17h5OIBcWaC_F-DcEXoxhGN9buVqDBlN8Ucra0mlJcvGqA,IRON IV,IV,IRON
slmqLZ_rxG-bhyt33hAw9rjP6NwpSeFZqCtjdhuY4_fIkP6iuJvkEU5ZXKp0nplqjp42h_G0ejm7Zg,IRON IV,IV,IRON
Tglmgbxmfm-xtU0RbxQwSaMelT_Mpq20caJGw5zHkMhAdZnYvJSIZDBFWQTxtQmX9SbORLsk8YpfTw,IRON IV,IV,IRON
PYvDBy99HT5x0RnMJFE_x4Rkirt0qiGGPKqzGLLdZ2d_h6NCoyZPFwktij3bkMlP21-Tv_bnlqdy0A,IRON IV,IV,IRON
eH3jS-O3Vu3GKWuEymSu7_vfJF80JZL7-jQiTeFHp3iJVJCyvIKBuj9qrRSQ2LbQMvOZd6RXZLghOQ,IRON IV,IV,IRON
lJp9HMrpOlX7GWigKq1qWu1POaKc02xFLyfKi4tcSboJekSn4YTsvV7vtyo-5P2NPwyskFRlA5f3iA,IRON IV,IV,IRON
bsbEmVkacPLDGl5q1brT1SAWv9IACjZOE1q1foPp1xBjzgg_lSWBNjUQcKydonfR8vzclZJn4PCGXw,IRON IV,IV,IRON
gOIGKqwEm9AGlDeNbsgdw0OZbkyKBmMNcSCyYVgXkSE2wzsWRTbh93k7Ic-lCs3g441QVDVcFwVleA,IRON IV,IV,IRON
YZWXdKR543pyZxU_0x4gUM5DfV9VWD95intWFRa_ONTle5JRF1eFYmUIG0gkCT7CNoGEjJE2f3BpdA,IRON IV,IV,IRON
1uxDSz1o3BeR9YVh5ju7_V0KNPv77ZNW_DFvp9xVVsXukHQ_AGUShR5CFjpHkBzG7k2IcDfOp993XQ,IRON IV,IV,IRON
t0KiTe2l8DIdfQfvK5mLlD8SAD9Mtj2AjCGnUos2nkaTG2Qlbt2Tf4YGhP1-nUkb44-lxd9JxveoTw,IRON IV,IV,IRON
7biHH_ave_3Ybfa4XaS77kyF-OyYNJq_a2QLL3tXhS-loQHqEieMZzZnIOqmArCjqTvp1kbuE9EHZw,IRON IV,IV,IRON
ZxH86Uf-C1NE-j3vqs7P3Pa_12cLY4PfvEJJx-guqjCIMn564_aO3xn49Hsd60ABEIZpJxbtly2KWA,IRON IV,IV,IRON
IndUBMtE-x18kwoamdxW1ZUZcLjQg0z9RuaqbHqAQm3YkhdgbpNsZDXDrPFxLwDKK7jXwjkKGInNBw,IRON IV,IV,IRON
UK1v_89WSG7-iR_KVrnGZhfYsvJCoXZWZJyZZmTMkvwaXhtnb-k-Uct7yrm-do6-W8ETXIEgWV9fng,IRON IV,IV,IRON
gLb6S8E5sh85SSaQsMOyuryfuVUSuv7goDaxYcHqaAI3eJwf7fNuC4XYN52m9f5TWM9CpPf1Wa8yVA,IRON IV,IV,IRON
Ox7BL230K_7-Nu5_vP6XR9rcbv3gruQ7a2I3VB5jM3kdj0uk5ZCgbz39O-6uM4OnU3_y-8nmxxaWuw,IRON IV,IV,IRON
NSmOLRjDCSuyXgnlVFu-Xn-UNK-p5fFEKNIEvyjEaJVxEsRTDkQNOXRo4aXL7A5lBSotmNFo3cC44g,IRON IV,IV,IRON
PYvDBy99HT5x0RnMJFE_x4Rkirt0qiGGPKqzGLLdZ2d_h6NCoyZPFwktij3bkMlP21-Tv_bnlqdy0A,IRON IV,IV,IRON
1uxDSz1o3BeR9YVh5ju7_V0KNPv77ZNW_DFvp9xVVsXukHQ_AGUShR5CFjpHkBzG7k2IcDfOp993XQ,IRON IV,IV,IRON
lJp9HMrpOlX7GWigKq1qWu1POaKc02xFLyfKi4tcSboJekSn4YTsvV7vtyo-5P2NPwyskFRlA5f3iA,IRON IV,IV,IRON
bsbEmVkacPLDGl5q1brT1SAWv9IACjZOE1q1foPp1xBjzgg_lSWBNjUQcKydonfR8vzclZJn4PCGXw,IRON IV,IV,IRON
1Kfjl6HkCym1FCuxr-pelotZ9o4AhDKWsRWBTuzSsmrGxzJBgUus4HChJ6LyEIxjpjoAVDs8PTS86A,IRON IV,IV,IRON
IndUBMtE-x18kwoamdxW1ZUZcLjQg0z9RuaqbHqAQm3YkhdgbpNsZDXDrPFxLwDKK7jXwjkKGInNBw,IRON IV,IV,IRON
UK1v_89WSG7-iR_KVrnGZhfYsvJCoXZWZJyZZmTMkvwaXhtnb-k-Uct7yrm-do6-W8ETXIEgWV9fng,IRON IV,IV,IRON
qoOuRm6lapNnjgs3hU6U3zvONo5Ojho5cvdpCbj49ctZ8Cir-WDyJlsAeKeYgKt5p_0apn4eAv9Jpg,IRON IV,IV,IRON
BJtzJE4cm72Nk5EAts6RaItpW0n3SpoQNZzFyVsQYIttYWUtZpwsR-B3fjcjkSL4oKUOpXf1_nLHSA,IRON IV,IV,IRON
1Kfjl6HkCym1FCuxr-pelotZ9o4AhDKWsRWBTuzSsmrGxzJBgUus4HChJ6LyEIxjpjoAVDs8PTS86A,IRON IV,IV,IRON
0cFX8tFTNueoGhk5K-ISCjGMe5iT5mnpcdifAG-gHSEgttEnfvWI-Ests-nhRRQb_Reg0PxcWP0jZQ,IRON IV,IV,IRON
1uxDSz1o3BeR9YVh5ju7_V0KNPv77ZNW_DFvp9xVVsXukHQ_AGUShR5CFjpHkBzG7k2IcDfOp993XQ,IRON IV,IV,IRON
lJp9HMrpOlX7GWigKq1qWu1POaKc02xFLyfKi4tcSboJekSn4YTsvV7vtyo-5P2NPwyskFRlA5f3iA,IRON IV,IV,IRON
vtAE79GeyiKE0JI0QH9aC8PsIt03sSxlum3xbZxh8W3Zb4obLCwVpPP6tByL9cBMAOnsCUBiGbsUFQ,IRON IV,IV,IRON
NSmOLRjDCSuyXgnlVFu-Xn-UNK-p5fFEKNIEvyjEaJVxEsRTDkQNOXRo4aXL7A5lBSotmNFo3cC44g,IRON IV,IV,IRON
7lPyARlx8fkG9NlJ2Piv8ObnqqSZbuf3zKn8tZ2k_nSf1Ts87TmZ9rjOEK98U5WeCRoGQ6K55VZ88g,IRON IV,IV,IRON
XAor9kIK6X6qHhKtZzDMOJHx98ymN8sawgaZC5qtDmP_8F-cfnRYRJqSERv88QIsfIUCNJj8WVvbQg,IRON IV,IV,IRON
lJp9HMrpOlX7GWigKq1qWu1POaKc02xFLyfKi4tcSboJekSn4YTsvV7vtyo-5P2NPwyskFRlA5f3iA,IRON IV,IV,IRON
l4uhiFecK4iWbfebwTa7GIqqnTSoa4e3rzuWRgBAqEeLlp-fB8Xh8nKzHC4wS61aNU2dKjnbllFuwg,IRON IV,IV,IRON
x2cw21Mtdouw5AS_dncYCs2ADTZMUlWFdvRzi1Rph4089ZGnOBz5aS9cq_SBhrKYBdX349reTtl6wA,IRON IV,IV,IRON
8fsZdFdDXT0Ujpe2c0wpT6Ou-Zrg5tOUeklwxiHwrL28hV393Q_ihMAJIBRu14xkZB7585HTg0E1RQ,IRON IV,IV,IRON
r24DUECZkjfIaZYMS8x1zTRYq2z0EB6-YpCyXLf9vYslmGpLwgi96EYrh_XIezGW-fvYbuxPMoHdew,IRON IV,IV,IRON
GXli64Iq035eQBgTokXHKcFFw7iMfsNgDoag0ETWR4Qwwhih8ErUylftFeYw3cABs3U6K72BQhrW0A,IRON IV,IV,IRON
1WPetfamN-VYy11e19ZXZWtW3Y9iVum1yLsM5EDgpU9DBaMYaOfs1y-cqQL2cwzEdvFp4_zm3HnQWA,IRON IV,IV,IRON
0oGF3q8IR2J-LlKnUOd3Ii811qFdSus-YM-IirGLgLq85K7Ra_sr7ynSTBzSBLfQIsV4HNXEpAJ9rQ,IRON IV,IV,IRON
8sHliHeAPf3o0QTFQ2A1MIc9GKRagOGr1IuSF2gruFjAow-EsO4TdmIsiimvgAro65t7NM39QTX3uQ,IRON IV,IV,IRON
VnkYXNM0qbvXP7jqLgBi9pBucFYhqspIQYmCrvNZakQfYqiJrriGBm2dPSopMBYtXSWRYgyaGkWQDQ,IRON IV,IV,IRON
lJp9HMrpOlX7GWigKq1qWu1POaKc02xFLyfKi4tcSboJekSn4YTsvV7vtyo-5P2NPwyskFRlA5f3iA,IRON IV,IV,IRON
FYaK62KYyQ5VRMp52m8MhyliZ12LOpv1k6cyg2DviYhLvJBomfeJpP3jLeC9l3BUDgfikXw0SUguqw,IRON IV,IV,IRON
tN6J2LyOjwVk6x6uqlTWYM_5KXnNPFgyS1H8tShHYEEsIWU_c52PrlyHkxXmAz3T7x_CEo_Bnrb9KA,IRON IV,IV,IRON
fGCgDbWQcwwDF9mMZF9u2sK3F1pMeUGafK044nIpf1P2bMuEO_u-Cx_DNrQy13wYK_YtXu5DiIlNoA,IRON IV,IV,IRON
qcK90Tc8vA8V6iacYnn7jfk7Kmn9nnd6pb_TNh-BjPUkl8Bvgu5aCtxtqzZyk5BWYGqR6c1blEUo_w,IRON IV,IV,IRON
nqzP61loyfRWRB5eysS00hPbCu9SJ-p77NNFU_54Kor4ynVHqpHnT8hxXDF2LUgl5BZ0yETxJXqKjg,IRON IV,IV,IRON
3sURIK4sshBHyv0C_ZFSdKcXIhlCUvuqnhKF3xJ8sbrBW-yohaaZm4mPMKix-eOZ7sy-MRS_Bd5Mgg,IRON IV,IV,IRON
YHNYnCWz78j_pEHpd93QOXYrnMNhU8kvqIpugC7NpVD53jIsEXKlgRvmiyXIN_YzDFl2gxoK1t8u6A,IRON IV,IV,IRON
G-g_B9Tp2V8eHWEYLehSrMTT4Of6j9eA-f5WtpRe5dv9EHBsqMW3ZaP4WYsP3U4wej2k58Q9jP-V2g,IRON IV,IV,IRON
VsDdbr8qLkflISWQUAAffYUDemTFijkiJOZdS1OA-OPAsMrps0LzoJpBtb5be7piLMLWsjLmlzzfWA,IRON IV,IV,IRON
lJp9HMrpOlX7GWigKq1qWu1POaKc02xFLyfKi4tcSboJekSn4YTsvV7vtyo-5P2NPwyskFRlA5f3iA,IRON IV,IV,IRON
KS8cjJ9M2wt54yz3ak2YAtmBZTFx5FT8K8KrDzGKYUWgmvMA6QhzX9RibTcVLzSdEOtvGiaik08lzA,IRON IV,IV,IRON
53Ej32o19eNimP7EIV-zbyaPPm7BpiTggQFwjCUK0NM5v9X2RulrlKCl0Jk9N8SL7QSuWValqDFNyQ,IRON IV,IV,IRON
FVvlsNdZ3MWpTEzVvM1vh7vdb5cDkO1lBsIzA2w9UtRbfA-V-Ak-b9oB2FyFK5AYCBukL3n4CB17tQ,IRON IV,IV,IRON
qqZtrJ64VdOX9Z0QHEbjk8cG_qCSTcTgtAUM26onEm8DwTE2UQ5KoaE5f0aXpe51O38GXnF-5BnWnA,IRON IV,IV,IRON
jrHFJAlLRGET_GUyjVJ1xiHJ05jKo6ymMA5t1bE5GeI9ReaVACOZtisPDRtXEuJASaXKaO-SR8EpQQ,IRON IV,IV,IRON
QeaRdMY0QQ1Y1vXNxHWXK7gQ-dv3Dx3Pf9DqLLknACkPkLyWHfZPXr047bW31zhGTFliieXmfYu4Lw,IRON IV,IV,IRON
syqeipG3LGiSKsvIu8h1n1vWkDeEIUWcxhD9Q0HozaVRJKPnHwU_YJJQ7TE20NXDStzGpD65F5Dd_w,IRON IV,IV,IRON
ShhRs26px8NThYd22ymOqDLZ35IpvjwmzpCl5wenDmRNSg8t5VhxFWNTSf_FrlrU_3V9AxS0qNGOtg,IRON IV,IV,IRON
3W3-Ii3sxAVR0ln4nvcUL_JshdAYkKESW2v7r6JZpyr7a2ZLMrQ7pBfXJJQJKGrJzfkXpnl8v0xmog,IRON IV,IV,IRON
lJp9HMrpOlX7GWigKq1qWu1POaKc02xFLyfKi4tcSboJekSn4YTsvV7vtyo-5P2NPwyskFRlA5f3iA,IRON IV,IV,IRON
ou5TKz5ebG6p_hDI4mUXwizJefI9lp9wSnQgm8m35brWBpvu2q1VwFYvy2OS2MjA7pqq1kmDlOQIQw,IRON IV,IV,IRON
lnaS05kY3NXUJINEge73LvhkhIn0R7ZDTotkrQ7XyyN8NQcazgGTH_eCCrF-uQY_o59TKNBU73TJ4w,IRON IV,IV,IRON
Z_HQ9zSu4whOvnn0uR-F6FMPysVvbuLdFvO3wyIQeTzU8t29Ice35Hiork5kJXhaXU_OezkOcATjeQ,IRON IV,IV,IRON
ugGtXhuU4_j2aWqCnUie-zO6xAoYih3aNjxAa2fe68oTOfP_XJ3Tl7Z9ZcBq7VQJ45h_d0E5dPbPhA,IRON IV,IV,IRON
k8vqbcySJm8UnpEwpQtFBxwJW_9wRvoyHSrypkhRdKAoh8_LSQR_mceDEmC46kir3kUUdVIOF9GILw,IRON IV,IV,IRON
vZ6XOrl3hr--a0lXD9sUvQLnGuIa_cLk7KBIv8tqYekgxhFk9e4NwLAy3hiEwiR-jpGSaI4m3MT7bg,IRON IV,IV,IRON
GDMcw5TYoC3hemigkJboONoumQfgtrx9YQuNuQfMVyyCqPoRlyE_wvYPn6UA8B3lYmXkMW1IqleAVg,IRON IV,IV,IRON
TT3Kqs_9OS3U8vt4c-Cvl-Rb_x1REIjroySeeUGJKhnxD2wACwTgIslWbDem4HzfB9444uaKMNYG5w,IRON IV,IV,IRON
o7UM__qyGQsqHHMolvQBy7SyLURFaeaDKY-AFy-j27Kz3GRu7KQ4J5C-n0gnM3DgrHWDYJLuNVKplw,IRON IV,IV,IRON
O9aQyEnx-USZ_6xiM4YPGhd0_VMrU684Pa2AC0cpCs-MNzCq-jFSyD6HXw9ryw8fIpf9Z01kmPsSog,IRON IV,IV,IRON
lJp9HMrpOlX7GWigKq1qWu1POaKc02xFLyfKi4tcSboJekSn4YTsvV7vtyo-5P2NPwyskFRlA5f3iA,IRON IV,IV,IRON
dxgGdZvKpQq4zzUDg9Wjdf9g-pIPklSXLh5lyN5kCi2mRVtkMcUfSm7Z5XLZTZypSYbKHacLxMUsPA,IRON IV,IV,IRON
ge_CC9mOCiO96MEQozIg81FDLEAyv36QLnaGf9S6i7sFdvWG7VgsDxVXY2fUHGcpscT-Dpf7B08HYg,IRON IV,IV,IRON
RwjthBLPtiRjO0ClEsGktt3m9LkA3l1hnQOivrNE0pwF0gwyZ29jhtpt4rsFm5e2DilVWXcH7NR3yw,IRON IV,IV,IRON
fhARtBAdhmq-QdtwGIxgmxmiwvLEkkDfvhvADlv1wHkHl0LT6hhoCxV2UQRMXocd2PYfSgj-e4GXUA,IRON IV,IV,IRON
kj2w3AvF6SgyowGbTSnV36d99wzEOmoYSCnKJSaWL5SEPYuZ4q6h2rWzvXreJmK2bOE07Tmz7cC6Ow,IRON IV,IV,IRON
n0OcEfuesHivVD8cMlaZpneiqcn56F7lpNErYdS69RitjGxiXstMoe53eukqs5-UBRrGxA22SZO_mA,IRON IV,IV,IRON
0ogcxoYf1BC_iKa1JV2FkdUz-psP7EPJSaHwfJI49En1bHzglY8va23-FaoMSGB7R29KY96r8FbiYg,IRON IV,IV,IRON
WvP8v9-wSLEYOrrl6cjzunXaCdcZ9rfHleGEm0j0_WdN8Xbrv27u0BjfBUy7C0HPlgbAdaH6fdcvyg,IRON IV,IV,IRON
Oq3UP5NFo-FxQZGlWdcB-EbSydOYfhnit4qwHr-K-7bt1-IoGUY5ub7KRqC6ps4EgTMIxDpyISUubA,IRON IV,IV,IRON
1mYBETa463z4tD1n12bSNtwhNlDHhyGWo50QeN6XEW4yFzvuWjcbma3MExjdT0iekuvjCFNcYDKTtg,IRON IV,IV,IRON
oenvB13wriGEXlNPX2QzW7S1QX6N3rTIcXLDtF2Cp5YsXhJvnfsly2tUVmtfK4McCsD2N_tipM21ww,IRON IV,IV,IRON
de7eWvYxBSdo1q_p_Jjb9NeaWrduUtI242IQnsyYl8wpSZYVdpdSIVWvowcFr9OQh3GBjRvzySF8zQ,IRON IV,IV,IRON
Hif3yu5vc7E4q9pL2Cxm_i26xItI5aUlK61h8KMBIpkWaez2GTlYJ2clfn43cc66ctsguOZZwWsEsw,IRON IV,IV,IRON
lJp9HMrpOlX7GWigKq1qWu1POaKc02xFLyfKi4tcSboJekSn4YTsvV7vtyo-5P2NPwyskFRlA5f3iA,IRON IV,IV,IRON
NTdVzRXdbeATSf7i-m_1DfsUQ41zJqpQRgx4ba15HsDkloKDnYxCx6Z_kR4hSdo8sgSQAimszdUAwg,IRON IV,IV,IRON
wfQCVE1N15QkvOojzKf7Kmhy482omF67K7-ICa8RDe4C-M83udpiLzFnoIIcb4Hmod0Zu-aw-3wuQQ,IRON IV,IV,IRON
K3kgeRKMMXgEMNcr45b4kImLiIiASt87M1ACzM8WTWWVTQ_rgLW3-g53eKKj4k6NDYdCVIiq0UoA2g,IRON IV,IV,IRON
UMZrHicnTCNmHqzg2xQLTObaX0VVksWnlJWMsAByAkJUTj-rsmjqp_j-9KS8oOvzKMcxnVBFtTpzPQ,IRON IV,IV,IRON
lJp9HMrpOlX7GWigKq1qWu1POaKc02xFLyfKi4tcSboJekSn4YTsvV7vtyo-5P2NPwyskFRlA5f3iA,IRON IV,IV,IRON
pQr9rLKR-sSMqwzifUvvVSYcoKGhe0Td3BI_Ud57oHyHN-6eokKkgjn3YtYRr5Xp0BmXOdAZosS-Wg,IRON IV,IV,IRON
39yxcZ-4JMZyeS2UkrPLzcfn3fpQaXGjToeTUnOaMx_2fV33McONTxsJLEhOMaNoxmq1-Zzdv33_Pg,IRON IV,IV,IRON
_zDg3rTt53khJokXdssCYpJexY4dYCoXbIlqm-dh0pAaSRKaGwcT19r2TKpXvuOapez6BZIXPV0G6g,IRON IV,IV,IRON
JUEk-_ZVWjG11Is1585RJXdORGeWq8iaEQ6KnfVBp-yylnjrzWEGgWIIuhgIMsIH3MIBCxdikQ8DTg,IRON IV,IV,IRON
7-F4yhWx7mUAw1_ZTg7PgSvQyCAbMMjFW8Fm6nha9xXVD5Z6JLkAjNzEwTScdmHUFTb5vGJy2O04QA,IRON IV,IV,IRON
K3iVnl6q1qTc6L6F1_dSLc_pRTy6Lk2nRFx47igi9YTkXU87irKFRGg7EdMS8uBjp6h6DG5-fQ-2Hg,IRON IV,IV,IRON
OfH_qKN80g-u9Md4MMJm2ZefGaQRTkCJ9KtdAoSKnHT-2NJCPRG2cg8RQUI_PgY7BS7p0skCBUnlSg,IRON IV,IV,IRON
9IEMNS3ZCiOW_PcaQiLpkU2Dt4y37mDnmS0OSKqonmcfHZhwWI1Gsq0LeVJQqNGvsYkkV-caVA9Bbw,IRON IV,IV,IRON
pcEZncYteER11fuwU-W7Qz5WQUqgdfF9Qdv7_KuTPYHQM-IQZAkhFkqQ935iU3AkAAjtfmIHJ3ujvQ,IRON IV,IV,IRON
lJp9HMrpOlX7GWigKq1qWu1POaKc02xFLyfKi4tcSboJekSn4YTsvV7vtyo-5P2NPwyskFRlA5f3iA,IRON IV,IV,IRON
6u9kuoK4YczuqXwukDif--D2Wog6UbruUOqvQW7cXIglTvmzzTruLmcUlMafEKZv1EoKHQUAm7i5qg,IRON IV,IV,IRON
Y9w4qzDDyU1WpmTswbEMyyd226WaLgZq3imHaXiGmWod3VHu7lz6ki6sIO7kQILpmcKVSPi_ocfXeQ,IRON IV,IV,IRON
7x0u9AjwNU0qgfCZw2LITYzqHrhQdmtlerIApsJzUgp5Ml2RcCCmK73DCAkl49c_t-OWiiErFJI0yA,IRON IV,IV,IRON
4MCzF_qTpnD88omKbgNkv13hwpo6bbSG1D6SzR-klApt0fnBmfj2c6YBkBOhZgVbgcIUTF-T6-s-Ew,IRON IV,IV,IRON
KyrQwN0A2Xs1a9KHJpP7SHIvqV-7Bkq1CRKBGKiYQO9e8eIeEklIBbMU9MNPHZjQeDWkir7Q8zISxA,IRON IV,IV,IRON
9TkQ2zZvXMzJTxWjzWKsXT3ODk7ZiVRo8rfo9JRlZzSWMbrZ5LlftzUvoBHp9-RKYtnBP4b1jUlyew,IRON IV,IV,IRON
12tjFX-D3X53GlXVlybjG-FGSiQtaKynKVQCrZR2r9p7HgyHcpL-KPUjPtvFq2xRwzJVrwYw_NivBw,IRON IV,IV,IRON
uTQGhK_3p6Jq2pepZYU2EDOZNaKZW0rpxRlwOUK7PdtsveA3bE-cZz-qBxfSHKP2HhPCjJn-kbnbfQ,IRON IV,IV,IRON
VNs_bCfOws7mjHD6Lp4WnrwXC77UD8Uz9fuLGIsTYXWid6kHZ80ulMX7As9PLDcbs9XgmIPAl0AaBA,IRON IV,IV,IRON
lJp9HMrpOlX7GWigKq1qWu1POaKc02xFLyfKi4tcSboJekSn4YTsvV7vtyo-5P2NPwyskFRlA5f3iA,IRON IV,IV,IRON
xZp_zk1Q6EECYBd0FXrepopSKLgfLuKhgluP6RfxU0JuzvlV0QJZWm5p4U5ZJvrrFR0XjU06kRhkkQ,IRON IV,IV,IRON
pSGCgDhuhZyaH7zcAaVE5lXqWnFHmHuXfvhStfaPWC-0FdJZ01ynrf_VpGj8g1QnnIKciRbOTs4XJg,IRON IV,IV,IRON
_vaEf5DZ2Ma6gpaAHy4-PrF9UD0gvaoKsLFSTlKWh5ib0Zu74Dzr4FzQhHk6WRiJVN-OfsHWtMMLwQ,IRON IV,IV,IRON
JBUEy3Y-AqlAx5g8i87HRZkrM9rsWCHdm49UTWbGD5t-3eNxZYOaA3654D22Vam6slKpHuw_pjmblg,IRON IV,IV,IRON
sritqykwKUk0xmDtkBEqhKNuvdT-ETF-nzjmNsYAnclrRDF8fZnL-Qzv5ck-BCrRN8O1G2Jobo8W2g,IRON IV,IV,IRON
WQUBR_WnnE3_ScTy9Y-2jxqhlRljE1MP3ncfDHMhRt0dSxBJmFiGsxJN0rRnqeSx_X8Hw7lwlDoh2A,IRON IV,IV,IRON
4hLTaGPH8fMY1rKzl562SxOrfhGEgK7qWHvQDaKczwbbDnOPTUSn1pwrkkFPsKjDsYE-fglDrf2ZQw,IRON IV,IV,IRON
ipsVr6sB0FknNEx6FzaPSQIdnNqWUxwlrl5JuUmSPmRr5fCz3j_xTsfUYSFtvbMTXU5rJowjhJIdnQ,IRON IV,IV,IRON
lJp9HMrpOlX7GWigKq1qWu1POaKc02xFLyfKi4tcSboJekSn4YTsvV7vtyo-5P2NPwyskFRlA5f3iA,IRON IV,IV,IRON
oe78UDdCQi0gpFnk04lLjZaCvlT373QUvZRRj-vlYogzjIFiRzWYc_IIIsgAIhrESNpHziqDpVuCyw,IRON IV,IV,IRON
-Y_4X0KC3a4PcvxyFh5M7DZLucq7Pb4LBFwe_IpIs2auuR8S_yg54E6Fz1N1EbG8uHVmP0D1L8Va-w,IRON IV,IV,IRON
XTfXLUEN6xRONhXQ86Ly_zg_UAf8txlB47TNp5kvG0oZfb1frSt9ZK5BCmuB8KtB6yLty3PniL5iXQ,IRON IV,IV,IRON
J72kGM6qrvbfFDF6tc9FqM6rTqgeaIVVJk9WMCAKNWdSczIInqC0HoGpW8sJfAnZNQADyKQDZzzb3w,IRON IV,IV,IRON
I9M_5kDqqdL_N5s9Ct8hqOXHQmN3cXUfIeudCd3lr-AMUEcbg5ZUkuVeJ7tqHxtN41Bzlher8mIsRQ,IRON IV,IV,IRON
GC8_jHgqs6aCrWUh9ZpRZPhdmk7ePOD4Qx5wUPchKnGO0aEyQeD9Mzs--qY4fW5AgX_9hHGMxZsi-A,IRON IV,IV,IRON
cXjTcef8yLMInmQGu3xixz5r7tQ0TtZKPec39trBPoh7uugn70sqxUT6yFect_-b9Z_glaIcykzSjA,IRON IV,IV,IRON
hST2lR1qxP_VaxKxApNI3EBTwmY14hxxLUGfgT-1cmz_F7YO1Rv_1s1qIhxoZdGllH6hOc6NO9pPfg,IRON IV,IV,IRON
_SlOF9hM9otHaZX6CqvqE3-0FKQr2KSEoZbSFkqRhWbal3H44B7lX31iXB7JDPf-CLy32CkoN_5uuA,IRON IV,IV,IRON
rYnnbKzsqVqAO8wiomz86OaaXCI0in-sJ0eq8Kft-JhNVbN5kMcgOzyoUadsCv1Df2Jj9tIG2w2i6Q,IRON IV,IV,IRON
lJp9HMrpOlX7GWigKq1qWu1POaKc02xFLyfKi4tcSboJekSn4YTsvV7vtyo-5P2NPwyskFRlA5f3iA,IRON IV,IV,IRON
rpiq_n8hWRxNa4tgC85sb_6HIkaDBvh_5vX9iirIKSSGY3WsHT43r9VmcIgeGrqFk96QDWqVsZ7mvA,IRON IV,IV,IRON
fjjy-7_R4ySd2nkPkUWCJMVF6KugQlE8seLQ6h2B5v7OZRBrXNoHc7Jgzpd3ul8JAj_6xas7dM8f7A,IRON IV,IV,IRON
YkRxnY7NNNrrMG0dbJqifJXuoy2xWZF4uiSP5pcMYu2APQnzEjzYp1Jnwep7iYurCRZfqfLDhqrjnA,IRON IV,IV,IRON
QSIrz-4JXW-V4_IKxe4qjo8AeQyWLPkH1VFa4sm5ta8auAZOL-ur9BLf0nnb82n9mYixw_fJ8_APRA,IRON IV,IV,IRON
h2b6jXoMvTmeeBD77j_4disRd3CfvgAHyn-g_b9FdN-gU-sp7TDrgJ8tqKCbuLb6Ygxc5T3sXmG_bA,IRON IV,IV,IRON
qFBPUiORCl6RCXW2z-1NrYTmj4uLbypOeJrmQDnZqmXYy0s_DkoC7o1xITv_SH7TzTFgurCO3DEq_g,IRON IV,IV,IRON
0Mn8-LXYnUcRs3B_roqGDT9UbbmMF8vyg6oy-d0w6_I09zXv7i-_KNYK9n3WqWvwcaZtYkXx2wDc9w,IRON IV,IV,IRON
iXCwdaaKcNThTHL_nTvfi4TrH8SoMbKridraZQ5HTSomLi7ravQZUnZ9H8jUDwyEIJ701GVdSTm5JQ,IRON IV,IV,IRON
l6h6dKBKGxBxUtxBjAshEnLEDNNaw3pbZeWXJ-TB-vlI8WkKSpYWH5xYapjov7ee00AEBT6DVLHQyw,IRON IV,IV,IRON
lJp9HMrpOlX7GWigKq1qWu1POaKc02xFLyfKi4tcSboJekSn4YTsvV7vtyo-5P2NPwyskFRlA5f3iA,IRON IV,IV,IRON
svgZzvN0aXiOtodbjhxancz9Lhd7BizMo9HBhGall7xKput3CAVWxtP4relXf4UTyI6-d18DjBRXcg,IRON IV,IV,IRON
utt5In97wOCcEHssNU1rsbQIQGzirULKCY941SutHmOsnSgyZGzjDRm_Dh4u4eGOQFqL-SVx3MTebg,IRON IV,IV,IRON
1GFgZgydCB9Kphkrdaz7pR3tx0E5-e_uaUKQg_VM1N-MDlP0fZHKYE_KGDl5WCs1liEl05Szpas3iQ,IRON IV,IV,IRON
l0N7YpfVlergWq4PlO9OkOLenZaqnxILNAzXaSZuuszTORxxlvoITZMooij9sTUqJ2r22-Yfp3K2EA,IRON IV,IV,IRON
za_Of0nLRI3PtdK05gmgeIT1DwS14B04x08EIH9Wmp1FWuuJjEUvhZCQPNndKFCnchbdK4XhdRXl1Q,IRON IV,IV,IRON
7GNZjV87yl5NU6QtDSJ_NRpNkCFYZPskSw1ZSSj_1x7DbRmzPuUL0u1vpT46s4JaaWaT-aBg_PX-_g,IRON IV,IV,IRON
zHaCQW4bhNO807ilOkQX8mUq2xPMSTA4EjwTcIHQtyB549X3mmTIM8MbYJ8BSKKASsY3yYllyVt8IA,IRON IV,IV,IRON
