game_id,gameCreation,gameDuration,gameEndTimestamp,gameId,gameMode,gameName,gameStartTimestamp,gameType,gameVersion,mapId,platformId,queueId,teams,tournamentCode
NA1_4698267658,1688068000253,1715,1688069767430,4698267658,CLASSIC,teambuilder-match-4698267658,1688068052218,MATCHED_GAME,13.13.518.539,11,NA1,420,"[{'bans': [{'championId': -1, 'pickTurn': 1}, {'championId': 36, 'pickTurn': 2}, {'championId': 238, 'pickTurn': 3}, {'championId': 51, 'pickTurn': 4}, {'championId': 11, 'pickTurn': 5}], 'objectives': {'baron': {'first': False, 'kills': 0}, 'champion': {'first': True, 'kills': 22}, 'dragon': {'first': False, 'kills': 0}, 'inhibitor': {'first': False, 'kills': 0}, 'riftHerald': {'first': False, 'kills': 0}, 'tower': {'first': False, 'kills': 2}}, 'teamId': 100, 'win': False}, {'bans': [{'championId': 157, 'pickTurn': 6}, {'championId': 875, 'pickTurn': 7}, {'championId': 45, 'pickTurn': 8}, {'championId': 25, 'pickTurn': 9}, {'championId': 17, 'pickTurn': 10}], 'objectives': {'baron': {'first': True, 'kills': 1}, 'champion': {'first': False, 'kills': 26}, 'dragon': {'first': True, 'kills': 3}, 'inhibitor': {'first': True, 'kills': 2}, 'riftHerald': {'first': True, 'kills': 2}, 'tower': {'first': True, 'kills': 10}}, 'teamId': 200, 'win': True}]",
NA1_4698258995,1688066029570,1098,1688067371970,4698258995,CLASSIC,teambuilder-match-4698258995,1688066273232,MATCHED_GAME,13.13.518.539,11,NA1,420,"[{'bans': [{'championId': 45, 'pickTurn': 1}, {'championId': 17, 'pickTurn': 2}, {'championId': 238, 'pickTurn': 3}, {'championId': 360, 'pickTurn': 4}, {'championId': -1, 'pickTurn': 5}], 'objectives': {'baron': {'first': False, 'kills': 0}, 'champion': {'first': False, 'kills': 10}, 'dragon': {'first': True, 'kills': 1}, 'inhibitor': {'first': False, 'kills': 0}, 'riftHerald': {'first': False, 'kills': 0}, 'tower': {'first': False, 'kills': 1}}, 'teamId': 100, 'win': False}, {'bans': [{'championId': 105, 'pickTurn': 6}, {'championId': 141, 'pickTurn': 7}, {'championId': 53, 'pickTurn': 8}, {'championId': 74, 'pickTurn': 9}, {'championId': 114, 'pickTurn': 10}], 'objectives': {'baron': {'first': False, 'kills': 0}, 'champion': {'first': True, 'kills': 28}, 'dragon': {'first': False, 'kills': 1}, 'inhibitor': {'first': True, 'kills': 1}, 'riftHerald': {'first': True, 'kills': 2}, 'tower': {'first': True, 'kills': 8}}, 'teamId': 200, 'win': True}]",
NA1_4698232289,1688063781177,1477,1688065294721,4698232289,CLASSIC,teambuilder-match-4698232289,1688063817525,MATCHED_GAME,13.13.518.539,11,NA1,420,"[{'bans': [{'championId': 238, 'pickTurn': 1}, {'championId': 53, 'pickTurn': 2}, {'championId': 35, 'pickTurn': 3}, {'championId': 21, 'pickTurn': 4}, {'championId': 36, 'pickTurn': 5}], 'objectives': {'baron': {'first': False, 'kills': 0}, 'champion': {'first': True, 'kills': 39}, 'dragon': {'first': True, 'kills': 3}, 'inhibitor': {'first': True, 'kills': 1}, 'riftHerald': {'first': True, 'kills': 2}, 'tower': {'first': True, 'kills': 9}}, 'teamId': 100, 'win': True}, {'bans': [{'championId': 32, 'pickTurn': 6}, {'championId': 17, 'pickTurn': 7}, {'championId': 74, 'pickTurn': 8}, {'championId': 99, 'pickTurn': 9}, {'championId': 53, 'pickTurn': 10}], 'objectives': {'baron': {'first': False, 'kills': 0}, 'champion': {'first': False, 'kills': 12}, 'dragon': {'first': False, 'kills': 0}, 'inhibitor': {'first': False, 'kills': 0}, 'riftHerald': {'first': False, 'kills': 0}, 'tower': {'first': False, 'kills': 1}}, 'teamId': 200, 'win': False}]",
NA1_4698223776,1688062843801,223,1688063097756,4698223776,CLASSIC,teambuilder-match-4698223776,1688062874235,MATCHED_GAME,13.13.518.539,11,NA1,420,"[{'bans': [{'championId': 35, 'pickTurn': 1}, {'championId': 238, 'pickTurn': 2}, {'championId': 99, 'pickTurn': 3}, {'championId': 82, 'pickTurn': 4}, {'championId': 29, 'pickTurn': 5}], 'objectives': {'baron': {'first': False, 'kills': 0}, 'champion': {'first': True, 'kills': 4}, 'dragon': {'first': False, 'kills': 0}, 'inhibitor': {'first': False, 'kills': 0}, 'riftHerald': {'first': False, 'kills': 0}, 'tower': {'first': False, 'kills': 0}}, 'teamId': 100, 'win': True}, {'bans': [{'championId': 29, 'pickTurn': 6}, {'championId': 64, 'pickTurn': 7}, {'championId': 350, 'pickTurn': 8}, {'championId': 420, 'pickTurn': 9}, {'championId': 777, 'pickTurn': 10}], 'objectives': {'baron': {'first': False, 'kills': 0}, 'champion': {'first': False, 'kills': 0}, 'dragon': {'first': False, 'kills': 0}, 'inhibitor': {'first': False, 'kills': 0}, 'riftHerald': {'first': False, 'kills': 0}, 'tower': {'first': False, 'kills': 0}}, 'teamId': 200, 'win': False}]",
NA1_4695725615,1687831740554,991,1687832760431,4695725615,CLASSIC,teambuilder-match-4695725615,1687831769122,MATCHED_GAME,13.12.515.4234,11,NA1,420,"[{'bans': [{'championId': 11, 'pickTurn': 1}, {'championId': 82, 'pickTurn': 2}, {'championId': 25, 'pickTurn': 3}, {'championId': 7, 'pickTurn': 4}, {'championId': 51, 'pickTurn': 5}], 'objectives': {'baron': {'first': False, 'kills': 0}, 'champion': {'first': True, 'kills': 26}, 'dragon': {'first': True, 'kills': 1}, 'inhibitor': {'first': False, 'kills': 0}, 'riftHerald': {'first': True, 'kills': 1}, 'tower': {'first': True, 'kills': 6}}, 'teamId': 100, 'win': True}, {'bans': [{'championId': 21, 'pickTurn': 6}, {'championId': 99, 'pickTurn': 7}, {'championId': 266, 'pickTurn': 8}, {'championId': 33, 'pickTurn': 9}, {'championId': 238, 'pickTurn': 10}], 'objectives': {'baron': {'first': False, 'kills': 0}, 'champion': {'first': False, 'kills': 11}, 'dragon': {'first': False, 'kills': 1}, 'inhibitor': {'first': False, 'kills': 0}, 'riftHerald': {'first': False, 'kills': 0}, 'tower': {'first': False, 'kills': 0}}, 'teamId': 200, 'win': False}]",
NA1_4694580326,1687736333928,1079,1687737532480,4694580326,CLASSIC,teambuilder-match-4694580326,1687736452925,MATCHED_GAME,13.12.515.4234,11,NA1,420,"[{'bans': [{'championId': 427, 'pickTurn': 1}, {'championId': 11, 'pickTurn': 2}, {'championId': 63, 'pickTurn': 3}, {'championId': 17, 'pickTurn': 4}, {'championId': 238, 'pickTurn': 5}], 'objectives': {'baron': {'first': False, 'kills': 0}, 'champion': {'first': True, 'kills': 7}, 'dragon': {'first': True, 'kills': 1}, 'inhibitor': {'first': False, 'kills': 0}, 'riftHerald': {'first': False, 'kills': 0}, 'tower': {'first': False, 'kills': 1}}, 'teamId': 100, 'win': False}, {'bans': [{'championId': 82, 'pickTurn': 6}, {'championId': 122, 'pickTurn': 7}, {'championId': -1, 'pickTurn': 8}, {'championId': -1, 'pickTurn': 9}, {'championId': 91, 'pickTurn': 10}], 'objectives': {'baron': {'first': False, 'kills': 0}, 'champion': {'first': False, 'kills': 22}, 'dragon': {'first': False, 'kills': 1}, 'inhibitor': {'first': True, 'kills': 1}, 'riftHerald': {'first': True, 'kills': 1}, 'tower': {'first': True, 'kills': 6}}, 'teamId': 200, 'win': True}]",
NA1_4694532708,1687733736871,1568,1687735337502,4694532708,CLASSIC,teambuilder-match-4694532708,1687733768955,MATCHED_GAME,13.12.515.4234,11,NA1,420,"[{'bans': [{'championId': 35, 'pickTurn': 1}, {'championId': 266, 'pickTurn': 2}, {'championId': 84, 'pickTurn': 3}, {'championId': 19, 'pickTurn': 4}, {'championId': 141, 'pickTurn': 5}], 'objectives': {'baron': {'first': False, 'kills': 0}, 'champion': {'first': True, 'kills': 32}, 'dragon': {'first': False, 'kills': 0}, 'inhibitor': {'first': False, 'kills': 0}, 'riftHerald': {'first': False, 'kills': 0}, 'tower': {'first': True, 'kills': 4}}, 'teamId': 100, 'win': False}, {'bans': [{'championId': 50, 'pickTurn': 6}, {'championId': 17, 'pickTurn': 7}, {'championId': 21, 'pickTurn': 8}, {'championId': 238, 'pickTurn': 9}, {'championId': 33, 'pickTurn': 10}], 'objectives': {'baron': {'first': True, 'kills': 1}, 'champion': {'first': False, 'kills': 38}, 'dragon': {'first': True, 'kills': 3}, 'inhibitor': {'first': True, 'kills': 1}, 'riftHerald': {'first': True, 'kills': 2}, 'tower': {'first': False, 'kills': 6}}, 'teamId': 200, 'win': True}]",
NA1_4694512779,1687731402200,1811,1687733253971,4694512779,CLASSIC,teambuilder-match-4694512779,1687731442489,MATCHED_GAME,13.12.515.4234,11,NA1,420,"[{'bans': [{'championId': 11, 'pickTurn': 1}, {'championId': 17, 'pickTurn': 2}, {'championId': 555, 'pickTurn': 3}, {'championId': 48, 'pickTurn': 4}, {'championId': 238, 'pickTurn': 5}], 'objectives': {'baron': {'first': False, 'kills': 0}, 'champion': {'first': False, 'kills': 30}, 'dragon': {'first': False, 'kills': 0}, 'inhibitor': {'first': False, 'kills': 0}, 'riftHerald': {'first': True, 'kills': 1}, 'tower': {'first': True, 'kills': 1}}, 'teamId': 100, 'win': False}, {'bans': [{'championId': 136, 'pickTurn': 6}, {'championId': 53, 'pickTurn': 7}, {'championId': 141, 'pickTurn': 8}, {'championId': 202, 'pickTurn': 9}, {'championId': 420, 'pickTurn': 10}], 'objectives': {'baron': {'first': True, 'kills': 1}, 'champion': {'first': True, 'kills': 36}, 'dragon': {'first': True, 'kills': 4}, 'inhibitor': {'first': True, 'kills': 2}, 'riftHerald': {'first': False, 'kills': 1}, 'tower': {'first': False, 'kills': 9}}, 'teamId': 200, 'win': True}]",
NA1_4694420833,1687725192485,1708,1687727005501,4694420833,CLASSIC,teambuilder-match-4694420833,1687725297349,MATCHED_GAME,13.12.515.4234,11,NA1,420,"[{'bans': [{'championId': 238, 'pickTurn': 1}, {'championId': 19, 'pickTurn': 2}, {'championId': 25, 'pickTurn': 3}, {'championId': 498, 'pickTurn': 4}, {'championId': 420, 'pickTurn': 5}], 'objectives': {'baron': {'first': False, 'kills': 0}, 'champion': {'first': False, 'kills': 35}, 'dragon': {'first': False, 'kills': 0}, 'inhibitor': {'first': False, 'kills': 0}, 'riftHerald': {'first': False, 'kills': 0}, 'tower': {'first': False, 'kills': 3}}, 'teamId': 100, 'win': False}, {'bans': [{'championId': 157, 'pickTurn': 6}, {'championId': 21, 'pickTurn': 7}, {'championId': 56, 'pickTurn': 8}, {'championId': 53, 'pickTurn': 9}, {'championId': 83, 'pickTurn': 10}], 'objectives': {'baron': {'first': False, 'kills': 0}, 'champion': {'first': True, 'kills': 38}, 'dragon': {'first': True, 'kills': 3}, 'inhibitor': {'first': True, 'kills': 1}, 'riftHerald': {'first': True, 'kills': 1}, 'tower': {'first': True, 'kills': 7}}, 'teamId': 200, 'win': True}]",
NA1_4693945619,1687673550561,1900,1687675561984,4693945619,CLASSIC,teambuilder-match-4693945619,1687673661544,MATCHED_GAME,13.12.515.4234,11,NA1,420,"[{'bans': [{'championId': 105, 'pickTurn': 1}, {'championId': 17, 'pickTurn': 2}, {'championId': 104, 'pickTurn': 3}, {'championId': 141, 'pickTurn': 4}, {'championId': 420, 'pickTurn': 5}], 'objectives': {'baron': {'first': True, 'kills': 1}, 'champion': {'first': True, 'kills': 43}, 'dragon': {'first': True, 'kills': 3}, 'inhibitor': {'first': True, 'kills': 4}, 'riftHerald': {'first': False, 'kills': 0}, 'tower': {'first': True, 'kills': 11}}, 'teamId': 100, 'win': True}, {'bans': [{'championId': 420, 'pickTurn': 6}, {'championId': 11, 'pickTurn': 7}, {'championId': 16, 'pickTurn': 8}, {'championId': 48, 'pickTurn': 9}, {'championId': 238, 'pickTurn': 10}], 'objectives': {'baron': {'first': False, 'kills': 0}, 'champion': {'first': False, 'kills': 28}, 'dragon': {'first': False, 'kills': 1}, 'inhibitor': {'first': False, 'kills': 0}, 'riftHerald': {'first': True, 'kills': 2}, 'tower': {'first': False, 'kills': 3}}, 'teamId': 200, 'win': False}]",
NA1_4689864838,1687314166318,1806,1687316009102,4689864838,CLASSIC,teambuilder-match-4689864838,1687314202771,MATCHED_GAME,13.12.515.4234,11,NA1,420,"[{'bans': [{'championId': 37, 'pickTurn': 1}, {'championId': 238, 'pickTurn': 2}, {'championId': 121, 'pickTurn': 3}, {'championId': 420, 'pickTurn': 4}, {'championId': 51, 'pickTurn': 5}], 'objectives': {'baron': {'first': False, 'kills': 0}, 'champion': {'first': False, 'kills': 22}, 'dragon': {'first': True, 'kills': 3}, 'inhibitor': {'first': False, 'kills': 0}, 'riftHerald': {'first': False, 'kills': 0}, 'tower': {'first': False, 'kills': 3}}, 'teamId': 100, 'win': False}, {'bans': [{'championId': 136, 'pickTurn': 6}, {'championId': 84, 'pickTurn': 7}, {'championId': 236, 'pickTurn': 8}, {'championId': 99, 'pickTurn': 9}, {'championId': 420, 'pickTurn': 10}], 'objectives': {'baron': {'first': False, 'kills': 0}, 'champion': {'first': True, 'kills': 31}, 'dragon': {'first': False, 'kills': 1}, 'inhibitor': {'first': True, 'kills': 1}, 'riftHerald': {'first': True, 'kills': 2}, 'tower': {'first': True, 'kills': 8}}, 'teamId': 200, 'win': True}]",
NA1_4689798423,1687311305058,1181,1687312541517,4689798423,CLASSIC,teambuilder-match-4689798423,1687311359969,MATCHED_GAME,13.12.515.4234,11,NA1,420,"[{'bans': [{'championId': 555, 'pickTurn': 1}, {'championId': 420, 'pickTurn': 2}, {'championId': 203, 'pickTurn': 3}, {'championId': -1, 'pickTurn': 4}, {'championId': 235, 'pickTurn': 5}], 'objectives': {'baron': {'first': False, 'kills': 0}, 'champion': {'first': True, 'kills': 16}, 'dragon': {'first': False, 'kills': 0}, 'inhibitor': {'first': False, 'kills': 0}, 'riftHerald': {'first': False, 'kills': 0}, 'tower': {'first': False, 'kills': 1}}, 'teamId': 100, 'win': False}, {'bans': [{'championId': 421, 'pickTurn': 6}, {'championId': 518, 'pickTurn': 7}, {'championId': 11, 'pickTurn': 8}, {'championId': 18, 'pickTurn': 9}, {'championId': 33, 'pickTurn': 10}], 'objectives': {'baron': {'first': False, 'kills': 0}, 'champion': {'first': False, 'kills': 34}, 'dragon': {'first': True, 'kills': 2}, 'inhibitor': {'first': True, 'kills': 1}, 'riftHerald': {'first': True, 'kills': 2}, 'tower': {'first': True, 'kills': 5}}, 'teamId': 200, 'win': True}]",
NA1_4688573258,1687209864101,1982,1687211861414,4688573258,CLASSIC,teambuilder-match-4688573258,1687209878736,MATCHED_GAME,13.12.515.4234,11,NA1,420,"[{'bans': [{'championId': 420, 'pickTurn': 1}, {'championId': 45, 'pickTurn': 2}, {'championId': 99, 'pickTurn': 3}, {'championId': 89, 'pickTurn': 4}, {'championId': 54, 'pickTurn': 5}], 'objectives': {'baron': {'first': True, 'kills': 1}, 'champion': {'first': False, 'kills': 51}, 'dragon': {'first': False, 'kills': 2}, 'inhibitor': {'first': False, 'kills': 0}, 'riftHerald': {'first': False, 'kills': 0}, 'tower': {'first': False, 'kills': 3}}, 'teamId': 100, 'win': False}, {'bans': [{'championId': 887, 'pickTurn': 6}, {'championId': -1, 'pickTurn': 7}, {'championId': 11, 'pickTurn': 8}, {'championId': 80, 'pickTurn': 9}, {'championId': 50, 'pickTurn': 10}], 'objectives': {'baron': {'first': False, 'kills': 0}, 'champion': {'first': True, 'kills': 63}, 'dragon': {'first': True, 'kills': 3}, 'inhibitor': {'first': True, 'kills': 2}, 'riftHerald': {'first': True, 'kills': 1}, 'tower': {'first': True, 'kills': 9}}, 'teamId': 200, 'win': True}]",
NA1_4687983425,1687149626134,1573,1687151234479,4687983425,CLASSIC,teambuilder-match-4687983425,1687149661576,MATCHED_GAME,13.12.515.4234,11,NA1,420,"[{'bans': [{'championId': 19, 'pickTurn': 1}, {'championId': 350, 'pickTurn': 2}, {'championId': 55, 'pickTurn': 3}, {'championId': 40, 'pickTurn': 4}, {'championId': 36, 'pickTurn': 5}], 'objectives': {'baron': {'first': False, 'kills': 0}, 'champion': {'first': False, 'kills': 22}, 'dragon': {'first': True, 'kills': 1}, 'inhibitor': {'first': False, 'kills': 0}, 'riftHerald': {'first': True, 'kills': 1}, 'tower': {'first': False, 'kills': 2}}, 'teamId': 100, 'win': False}, {'bans': [{'championId': 268, 'pickTurn': 6}, {'championId': 420, 'pickTurn': 7}, {'championId': 84, 'pickTurn': 8}, {'championId': 122, 'pickTurn': 9}, {'championId': 902, 'pickTurn': 10}], 'objectives': {'baron': {'first': False, 'kills': 0}, 'champion': {'first': True, 'kills': 52}, 'dragon': {'first': False, 'kills': 2}, 'inhibitor': {'first': True, 'kills': 2}, 'riftHerald': {'first': False, 'kills': 1}, 'tower': {'first': True, 'kills': 9}}, 'teamId': 200, 'win': True}]",
NA1_4687948859,1687147545899,983,1687148609648,4687948859,CLASSIC,teambuilder-match-4687948859,1687147626328,MATCHED_GAME,13.12.515.4234,11,NA1,420,"[{'bans': [{'championId': 39, 'pickTurn': 1}, {'championId': 53, 'pickTurn': 2}, {'championId': 119, 'pickTurn': 3}, {'championId': 498, 'pickTurn': 4}, {'championId': 875, 'pickTurn': 5}], 'objectives': {'baron': {'first': False, 'kills': 0}, 'champion': {'first': False, 'kills': 16}, 'dragon': {'first': False, 'kills': 0}, 'inhibitor': {'first': False, 'kills': 0}, 'riftHerald': {'first': False, 'kills': 0}, 'tower': {'first': False, 'kills': 0}}, 'teamId': 100, 'win': False}, {'bans': [{'championId': 80, 'pickTurn': 6}, {'championId': 119, 'pickTurn': 7}, {'championId': 902, 'pickTurn': 8}, {'championId': 82, 'pickTurn': 9}, {'championId': 76, 'pickTurn': 10}], 'objectives': {'baron': {'first': False, 'kills': 0}, 'champion': {'first': True, 'kills': 30}, 'dragon': {'first': True, 'kills': 2}, 'inhibitor': {'first': True, 'kills': 1}, 'riftHerald': {'first': True, 'kills': 1}, 'tower': {'first': True, 'kills': 6}}, 'teamId': 200, 'win': True}]",
NA1_4698524717,1688087428366,2184,1688089690648,4698524717,CLASSIC,teambuilder-match-4698524717,1688087506743,MATCHED_GAME,13.13.518.539,11,NA1,420,"[{'bans': [{'championId': 82, 'pickTurn': 1}, {'championId': 30, 'pickTurn': 2}, {'championId': 56, 'pickTurn': 3}, {'championId': 38, 'pickTurn': 4}, {'championId': 63, 'pickTurn': 5}], 'objectives': {'baron': {'first': False, 'kills': 1}, 'champion': {'first': True, 'kills': 52}, 'dragon': {'first': True, 'kills': 4}, 'inhibitor': {'first': False, 'kills': 0}, 'riftHerald': {'first': False, 'kills': 0}, 'tower': {'first': False, 'kills': 3}}, 'teamId': 100, 'win': False}, {'bans': [{'championId': 11, 'pickTurn': 6}, {'championId': 157, 'pickTurn': 7}, {'championId': 99, 'pickTurn': 8}, {'championId': 51, 'pickTurn': 9}, {'championId': 23, 'pickTurn': 10}], 'objectives': {'baron': {'first': True, 'kills': 1}, 'champion': {'first': False, 'kills': 45}, 'dragon': {'first': False, 'kills': 1}, 'inhibitor': {'first': True, 'kills': 4}, 'riftHerald': {'first': True, 'kills': 2}, 'tower': {'first': True, 'kills': 11}}, 'teamId': 200, 'win': True}]",
NA1_4698473278,1688083618485,2107,1688085812321,4698473278,CLASSIC,teambuilder-match-4698473278,1688083704447,MATCHED_GAME,13.13.518.539,11,NA1,420,"[{'bans': [{'championId': 25, 'pickTurn': 1}, {'championId': 555, 'pickTurn': 2}, {'championId': 35, 'pickTurn': 3}, {'championId': 11, 'pickTurn': 4}, {'championId': 80, 'pickTurn': 5}], 'objectives': {'baron': {'first': False, 'kills': 0}, 'champion': {'first': False, 'kills': 21}, 'dragon': {'first': False, 'kills': 1}, 'inhibitor': {'first': False, 'kills': 0}, 'riftHerald': {'first': True, 'kills': 1}, 'tower': {'first': True, 'kills': 2}}, 'teamId': 100, 'win': False}, {'bans': [{'championId': 50, 'pickTurn': 6}, {'championId': 24, 'pickTurn': 7}, {'championId': 120, 'pickTurn': 8}, {'championId': 105, 'pickTurn': 9}, {'championId': 44, 'pickTurn': 10}], 'objectives': {'baron': {'first': True, 'kills': 1}, 'champion': {'first': True, 'kills': 43}, 'dragon': {'first': True, 'kills': 4}, 'inhibitor': {'first': True, 'kills': 2}, 'riftHerald': {'first': False, 'kills': 1}, 'tower': {'first': False, 'kills': 9}}, 'teamId': 200, 'win': True}]",
NA1_4698804793,1688101416701,2483,1688104046110,4698804793,CLASSIC,teambuilder-match-4698804793,1688101562935,MATCHED_GAME,13.13.518.539,11,NA1,420,"[{'bans': [{'championId': 50, 'pickTurn': 1}, {'championId': 166, 'pickTurn': 2}, {'championId': 266, 'pickTurn': 3}, {'championId': 11, 'pickTurn': 4}, {'championId': 22, 'pickTurn': 5}], 'objectives': {'baron': {'first': True, 'kills': 2}, 'champion': {'first': False, 'kills': 65}, 'dragon': {'first': False, 'kills': 4}, 'inhibitor': {'first': True, 'kills': 2}, 'riftHerald': {'first': True, 'kills': 2}, 'tower': {'first': True, 'kills': 10}}, 'teamId': 100, 'win': True}, {'bans': [{'championId': 76, 'pickTurn': 6}, {'championId': 99, 'pickTurn': 7}, {'championId': 81, 'pickTurn': 8}, {'championId': 122, 'pickTurn': 9}, {'championId': 157, 'pickTurn': 10}], 'objectives': {'baron': {'first': False, 'kills': 1}, 'champion': {'first': True, 'kills': 51}, 'dragon': {'first': True, 'kills': 3}, 'inhibitor': {'first': False, 'kills': 1}, 'riftHerald': {'first': False, 'kills': 0}, 'tower': {'first': False, 'kills': 7}}, 'teamId': 200, 'win': False}]",
NA1_4696143933,1687864457551,1895,1687866379178,4696143933,CLASSIC,teambuilder-match-4696143933,1687864483981,MATCHED_GAME,13.12.515.4234,11,NA1,420,"[{'bans': [{'championId': 555, 'pickTurn': 1}, {'championId': 84, 'pickTurn': 2}, {'championId': 110, 'pickTurn': 3}, {'championId': -1, 'pickTurn': 4}, {'championId': 35, 'pickTurn': 5}], 'objectives': {'baron': {'first': True, 'kills': 1}, 'champion': {'first': True, 'kills': 41}, 'dragon': {'first': False, 'kills': 2}, 'inhibitor': {'first': False, 'kills': 2}, 'riftHerald': {'first': True, 'kills': 2}, 'tower': {'first': True, 'kills': 10}}, 'teamId': 100, 'win': True}, {'bans': [{'championId': 350, 'pickTurn': 6}, {'championId': 107, 'pickTurn': 7}, {'championId': 238, 'pickTurn': 8}, {'championId': 360, 'pickTurn': 9}, {'championId': 10, 'pickTurn': 10}], 'objectives': {'baron': {'first': False, 'kills': 0}, 'champion': {'first': False, 'kills': 29}, 'dragon': {'first': True, 'kills': 2}, 'inhibitor': {'first': True, 'kills': 1}, 'riftHerald': {'first': False, 'kills': 0}, 'tower': {'first': False, 'kills': 6}}, 'teamId': 200, 'win': False}]",
NA1_4695104185,1687770191494,1715,1687771932615,4695104185,CLASSIC,teambuilder-match-4695104185,1687770217179,MATCHED_GAME,13.12.515.4234,11,NA1,420,"[{'bans': [{'championId': 36, 'pickTurn': 1}, {'championId': 99, 'pickTurn': 2}, {'championId': 89, 'pickTurn': 3}, {'championId': 22, 'pickTurn': 4}, {'championId': 254, 'pickTurn': 5}], 'objectives': {'baron': {'first': False, 'kills': 0}, 'champion': {'first': True, 'kills': 45}, 'dragon': {'first': False, 'kills': 0}, 'inhibitor': {'first': True, 'kills': 3}, 'riftHerald': {'first': False, 'kills': 0}, 'tower': {'first': False, 'kills': 11}}, 'teamId': 100, 'win': True}, {'bans': [{'championId': 895, 'pickTurn': 6}, {'championId': -1, 'pickTurn': 7}, {'championId': 360, 'pickTurn': 8}, {'championId': 421, 'pickTurn': 9}, {'championId': 7, 'pickTurn': 10}], 'objectives': {'baron': {'first': True, 'kills': 1}, 'champion': {'first': False, 'kills': 50}, 'dragon': {'first': True, 'kills': 4}, 'inhibitor': {'first': False, 'kills': 0}, 'riftHerald': {'first': True, 'kills': 2}, 'tower': {'first': True, 'kills': 5}}, 'teamId': 200, 'win': False}]",
NA1_4695088236,1687768025715,1697,1687769885928,4695088236,CLASSIC,teambuilder-match-4695088236,1687768188080,MATCHED_GAME,13.12.515.4234,11,NA1,420,"[{'bans': [{'championId': 222, 'pickTurn': 1}, {'championId': 19, 'pickTurn': 2}, {'championId': 53, 'pickTurn': 3}, {'championId': 164, 'pickTurn': 4}, {'championId': 166, 'pickTurn': 5}], 'objectives': {'baron': {'first': True, 'kills': 1}, 'champion': {'first': True, 'kills': 53}, 'dragon': {'first': True, 'kills': 4}, 'inhibitor': {'first': True, 'kills': 1}, 'riftHerald': {'first': True, 'kills': 2}, 'tower': {'first': True, 'kills': 9}}, 'teamId': 100, 'win': True}, {'bans': [{'championId': 18, 'pickTurn': 6}, {'championId': 421, 'pickTurn': 7}, {'championId': 555, 'pickTurn': 8}, {'championId': 55, 'pickTurn': 9}, {'championId': 420, 'pickTurn': 10}], 'objectives': {'baron': {'first': False, 'kills': 0}, 'champion': {'first': False, 'kills': 41}, 'dragon': {'first': False, 'kills': 0}, 'inhibitor': {'first': False, 'kills': 0}, 'riftHerald': {'first': False, 'kills': 0}, 'tower': {'first': False, 'kills': 1}}, 'teamId': 200, 'win': False}]",
NA1_4694126095,1687695111339,1935,1687697106979,4694126095,CLASSIC,teambuilder-match-4694126095,1687695171404,MATCHED_GAME,13.12.515.4234,11,NA1,420,"[{'bans': [{'championId': 83, 'pickTurn': 1}, {'championId': 99, 'pickTurn': 2}, {'championId': 35, 'pickTurn': 3}, {'championId': 25, 'pickTurn': 4}, {'championId': 18, 'pickTurn': 5}], 'objectives': {'baron': {'first': False, 'kills': 0}, 'champion': {'first': True, 'kills': 16}, 'dragon': {'first': False, 'kills': 0}, 'inhibitor': {'first': False, 'kills': 0}, 'riftHerald': {'first': False, 'kills': 1}, 'tower': {'first': False, 'kills': 5}}, 'teamId': 100, 'win': False}, {'bans': [{'championId': 875, 'pickTurn': 6}, {'championId': -1, 'pickTurn': 7}, {'championId': 202, 'pickTurn': 8}, {'championId': 421, 'pickTurn': 9}, {'championId': 360, 'pickTurn': 10}], 'objectives': {'baron': {'first': True, 'kills': 1}, 'champion': {'first': False, 'kills': 46}, 'dragon': {'first': True, 'kills': 4}, 'inhibitor': {'first': True, 'kills': 1}, 'riftHerald': {'first': True, 'kills': 1}, 'tower': {'first': True, 'kills': 10}}, 'teamId': 200, 'win': True}]",
NA1_4694112648,1687693890769,991,1687694934642,4694112648,CLASSIC,teambuilder-match-4694112648,1687693943175,MATCHED_GAME,13.12.515.4234,11,NA1,420,"[{'bans': [{'championId': 53, 'pickTurn': 1}, {'championId': 81, 'pickTurn': 2}, {'championId': 421, 'pickTurn': 3}, {'championId': 54, 'pickTurn': 4}, {'championId': 777, 'pickTurn': 5}], 'objectives': {'baron': {'first': False, 'kills': 0}, 'champion': {'first': False, 'kills': 17}, 'dragon': {'first': True, 'kills': 2}, 'inhibitor': {'first': False, 'kills': 0}, 'riftHerald': {'first': True, 'kills': 1}, 'tower': {'first': True, 'kills': 4}}, 'teamId': 100, 'win': True}, {'bans': [{'championId': 420, 'pickTurn': 6}, {'championId': 57, 'pickTurn': 7}, {'championId': 360, 'pickTurn': 8}, {'championId': 3, 'pickTurn': 9}, {'championId': 84, 'pickTurn': 10}], 'objectives': {'baron': {'first': False, 'kills': 0}, 'champion': {'first': True, 'kills': 8}, 'dragon': {'first': False, 'kills': 0}, 'inhibitor': {'first': False, 'kills': 0}, 'riftHerald': {'first': False, 'kills': 0}, 'tower': {'first': False, 'kills': 0}}, 'teamId': 200, 'win': False}]",
NA1_4688245009,1687175963659,2347,1687178361534,4688245009,CLASSIC,teambuilder-match-4688245009,1687176014597,MATCHED_GAME,13.12.515.4234,11,NA1,420,"[{'bans': [{'championId': 111, 'pickTurn': 1}, {'championId': 420, 'pickTurn': 2}, {'championId': 90, 'pickTurn': 3}, {'championId': 350, 'pickTurn': 4}, {'championId': 11, 'pickTurn': 5}], 'objectives': {'baron': {'first': True, 'kills': 1}, 'champion': {'first': True, 'kills': 60}, 'dragon': {'first': False, 'kills': 0}, 'inhibitor': {'first': False, 'kills': 1}, 'riftHerald': {'first': False, 'kills': 0}, 'tower': {'first': True, 'kills': 8}}, 'teamId': 100, 'win': False}, {'bans': [{'championId': 17, 'pickTurn': 6}, {'championId': 24, 'pickTurn': 7}, {'championId': 420, 'pickTurn': 8}, {'championId': 238, 'pickTurn': 9}, {'championId': 98, 'pickTurn': 10}], 'objectives': {'baron': {'first': False, 'kills': 1}, 'champion': {'first': False, 'kills': 58}, 'dragon': {'first': True, 'kills': 5}, 'inhibitor': {'first': True, 'kills': 5}, 'riftHerald': {'first': True, 'kills': 2}, 'tower': {'first': False, 'kills': 11}}, 'teamId': 200, 'win': True}]",
NA1_4687005176,1687070288304,1980,1687072298373,4687005176,CLASSIC,teambuilder-match-4687005176,1687070318183,MATCHED_GAME,13.12.515.4234,11,NA1,420,"[{'bans': [{'championId': 22, 'pickTurn': 1}, {'championId': 555, 'pickTurn': 2}, {'championId': 136, 'pickTurn': 3}, {'championId': 777, 'pickTurn': 4}, {'championId': 19, 'pickTurn': 5}], 'objectives': {'baron': {'first': False, 'kills': 0}, 'champion': {'first': False, 'kills': 33}, 'dragon': {'first': True, 'kills': 3}, 'inhibitor': {'first': False, 'kills': 0}, 'riftHerald': {'first': False, 'kills': 1}, 'tower': {'first': False, 'kills': 5}}, 'teamId': 100, 'win': False}, {'bans': [{'championId': 25, 'pickTurn': 6}, {'championId': 29, 'pickTurn': 7}, {'championId': 105, 'pickTurn': 8}, {'championId': 11, 'pickTurn': 9}, {'championId': 83, 'pickTurn': 10}], 'objectives': {'baron': {'first': True, 'kills': 1}, 'champion': {'first': True, 'kills': 34}, 'dragon': {'first': False, 'kills': 2}, 'inhibitor': {'first': True, 'kills': 1}, 'riftHerald': {'first': True, 'kills': 1}, 'tower': {'first': True, 'kills': 8}}, 'teamId': 200, 'win': True}]",
NA1_4686991772,1687068983542,918,1687070019649,4686991772,CLASSIC,teambuilder-match-4686991772,1687069101236,MATCHED_GAME,13.12.515.4234,11,NA1,420,"[{'bans': [{'championId': 518, 'pickTurn': 1}, {'championId': 25, 'pickTurn': 2}, {'championId': 22, 'pickTurn': 3}, {'championId': 11, 'pickTurn': 4}, {'championId': 83, 'pickTurn': 5}], 'objectives': {'baron': {'first': False, 'kills': 0}, 'champion': {'first': True, 'kills': 17}, 'dragon': {'first': True, 'kills': 2}, 'inhibitor': {'first': False, 'kills': 0}, 'riftHerald': {'first': True, 'kills': 1}, 'tower': {'first': True, 'kills': 2}}, 'teamId': 100, 'win': True}, {'bans': [{'championId': 105, 'pickTurn': 6}, {'championId': 555, 'pickTurn': 7}, {'championId': 19, 'pickTurn': 8}, {'championId': 266, 'pickTurn': 9}, {'championId': 53, 'pickTurn': 10}], 'objectives': {'baron': {'first': False, 'kills': 0}, 'champion': {'first': False, 'kills': 3}, 'dragon': {'first': False, 'kills': 0}, 'inhibitor': {'first': False, 'kills': 0}, 'riftHerald': {'first': False, 'kills': 0}, 'tower': {'first': False, 'kills': 0}}, 'teamId': 200, 'win': False}]",
NA1_4685065035,1686913756794,2372,1686916160040,4685065035,CLASSIC,teambuilder-match-4685065035,1686913787992,MATCHED_GAME,13.12.514.8523,11,NA1,420,"[{'bans': [{'championId': 711, 'pickTurn': 1}, {'championId': 9, 'pickTurn': 2}, {'championId': 18, 'pickTurn': 3}, {'championId': 523, 'pickTurn': 4}, {'championId': 75, 'pickTurn': 5}], 'objectives': {'baron': {'first': False, 'kills': 0}, 'champion': {'first': True, 'kills': 52}, 'dragon': {'first': True, 'kills': 4}, 'inhibitor': {'first': True, 'kills': 1}, 'riftHerald': {'first': True, 'kills': 1}, 'tower': {'first': True, 'kills': 8}}, 'teamId': 100, 'win': True}, {'bans': [{'championId': 107, 'pickTurn': 6}, {'championId': 84, 'pickTurn': 7}, {'championId': 133, 'pickTurn': 8}, {'championId': 11, 'pickTurn': 9}, {'championId': 53, 'pickTurn': 10}], 'objectives': {'baron': {'first': True, 'kills': 1}, 'champion': {'first': False, 'kills': 46}, 'dragon': {'first': False, 'kills': 1}, 'inhibitor': {'first': False, 'kills': 0}, 'riftHerald': {'first': False, 'kills': 1}, 'tower': {'first': False, 'kills': 7}}, 'teamId': 200, 'win': False}]",
NA1_4685055154,1686911948896,1403,1686913412396,4685055154,CLASSIC,teambuilder-match-4685055154,1686912008671,MATCHED_GAME,13.12.514.8523,11,NA1,420,"[{'bans': [{'championId': 420, 'pickTurn': 1}, {'championId': 45, 'pickTurn': 2}, {'championId': 222, 'pickTurn': 3}, {'championId': -1, 'pickTurn': 4}, {'championId': 266, 'pickTurn': 5}], 'objectives': {'baron': {'first': True, 'kills': 1}, 'champion': {'first': True, 'kills': 43}, 'dragon': {'first': True, 'kills': 3}, 'inhibitor': {'first': True, 'kills': 2}, 'riftHerald': {'first': True, 'kills': 2}, 'tower': {'first': True, 'kills': 9}}, 'teamId': 100, 'win': True}, {'bans': [{'championId': 555, 'pickTurn': 6}, {'championId': 420, 'pickTurn': 7}, {'championId': 120, 'pickTurn': 8}, {'championId': 18, 'pickTurn': 9}, {'championId': 82, 'pickTurn': 10}], 'objectives': {'baron': {'first': False, 'kills': 0}, 'champion': {'first': False, 'kills': 28}, 'dragon': {'first': False, 'kills': 0}, 'inhibitor': {'first': False, 'kills': 0}, 'riftHerald': {'first': False, 'kills': 0}, 'tower': {'first': False, 'kills': 1}}, 'teamId': 200, 'win': False}]",
NA1_4694705231,1687743379441,1931,1687745331026,4694705231,CLASSIC,teambuilder-match-4694705231,1687743399271,MATCHED_GAME,13.12.515.4234,11,NA1,420,"[{'bans': [{'championId': 45, 'pickTurn': 1}, {'championId': 24, 'pickTurn': 2}, {'championId': 11, 'pickTurn': 3}, {'championId': 202, 'pickTurn': 4}, {'championId': -1, 'pickTurn': 5}], 'objectives': {'baron': {'first': False, 'kills': 0}, 'champion': {'first': False, 'kills': 32}, 'dragon': {'first': False, 'kills': 0}, 'inhibitor': {'first': False, 'kills': 0}, 'riftHerald': {'first': False, 'kills': 1}, 'tower': {'first': False, 'kills': 1}}, 'teamId': 100, 'win': False}, {'bans': [{'championId': 11, 'pickTurn': 6}, {'championId': 105, 'pickTurn': 7}, {'championId': 25, 'pickTurn': 8}, {'championId': -1, 'pickTurn': 9}, {'championId': 53, 'pickTurn': 10}], 'objectives': {'baron': {'first': True, 'kills': 1}, 'champion': {'first': True, 'kills': 59}, 'dragon': {'first': True, 'kills': 4}, 'inhibitor': {'first': True, 'kills': 2}, 'riftHerald': {'first': True, 'kills': 1}, 'tower': {'first': True, 'kills': 10}}, 'teamId': 200, 'win': True}]",
NA1_4685462706,1686955581387,1459,1686957165366,4685462706,CLASSIC,teambuilder-match-4685462706,1686955705571,MATCHED_GAME,13.12.515.4234,11,NA1,420,"[{'bans': [{'championId': 53, 'pickTurn': 1}, {'championId': 897, 'pickTurn': 2}, {'championId': 360, 'pickTurn': 3}, {'championId': 2, 'pickTurn': 4}, {'championId': 84, 'pickTurn': 5}], 'objectives': {'baron': {'first': True, 'kills': 1}, 'champion': {'first': False, 'kills': 44}, 'dragon': {'first': True, 'kills': 1}, 'inhibitor': {'first': True, 'kills': 3}, 'riftHerald': {'first': False, 'kills': 1}, 'tower': {'first': True, 'kills': 10}}, 'teamId': 100, 'win': True}, {'bans': [{'championId': 11, 'pickTurn': 6}, {'championId': 55, 'pickTurn': 7}, {'championId': -1, 'pickTurn': 8}, {'championId': -1, 'pickTurn': 9}, {'championId': 54, 'pickTurn': 10}], 'objectives': {'baron': {'first': False, 'kills': 0}, 'champion': {'first': True, 'kills': 20}, 'dragon': {'first': False, 'kills': 2}, 'inhibitor': {'first': False, 'kills': 0}, 'riftHerald': {'first': True, 'kills': 1}, 'tower': {'first': False, 'kills': 1}}, 'teamId': 200, 'win': False}]",
NA1_4698943626,1688113857893,1476,1688115372481,4698943626,CLASSIC,teambuilder-match-4698943626,1688113896052,MATCHED_GAME,13.13.518.539,11,NA1,420,"[{'bans': [{'championId': 240, 'pickTurn': 1}, {'championId': 21, 'pickTurn': 2}, {'championId': 11, 'pickTurn': 3}, {'championId': 1, 'pickTurn': 4}, {'championId': 39, 'pickTurn': 5}], 'objectives': {'baron': {'first': False, 'kills': 0}, 'champion': {'first': False, 'kills': 21}, 'dragon': {'first': False, 'kills': 0}, 'inhibitor': {'first': False, 'kills': 0}, 'riftHerald': {'first': False, 'kills': 0}, 'tower': {'first': False, 'kills': 3}}, 'teamId': 100, 'win': False}, {'bans': [{'championId': 119, 'pickTurn': 6}, {'championId': 11, 'pickTurn': 7}, {'championId': 17, 'pickTurn': 8}, {'championId': 895, 'pickTurn': 9}, {'championId': 56, 'pickTurn': 10}], 'objectives': {'baron': {'first': True, 'kills': 1}, 'champion': {'first': True, 'kills': 42}, 'dragon': {'first': True, 'kills': 3}, 'inhibitor': {'first': True, 'kills': 2}, 'riftHerald': {'first': True, 'kills': 1}, 'tower': {'first': True, 'kills': 11}}, 'teamId': 200, 'win': True}]",
NA1_4698925383,1688111632423,1653,1688113369716,4698925383,CLASSIC,teambuilder-match-4698925383,1688111715996,MATCHED_GAME,13.13.518.539,11,NA1,420,"[{'bans': [{'championId': 33, 'pickTurn': 1}, {'championId': 21, 'pickTurn': 2}, {'championId': 39, 'pickTurn': 3}, {'championId': 17, 'pickTurn': 4}, {'championId': 497, 'pickTurn': 5}], 'objectives': {'baron': {'first': False, 'kills': 0}, 'champion': {'first': True, 'kills': 24}, 'dragon': {'first': False, 'kills': 0}, 'inhibitor': {'first': False, 'kills': 0}, 'riftHerald': {'first': False, 'kills': 0}, 'tower': {'first': False, 'kills': 2}}, 'teamId': 100, 'win': False}, {'bans': [{'championId': 157, 'pickTurn': 6}, {'championId': 202, 'pickTurn': 7}, {'championId': 11, 'pickTurn': 8}, {'championId': 19, 'pickTurn': 9}, {'championId': 240, 'pickTurn': 10}], 'objectives': {'baron': {'first': True, 'kills': 1}, 'champion': {'first': False, 'kills': 40}, 'dragon': {'first': True, 'kills': 3}, 'inhibitor': {'first': True, 'kills': 1}, 'riftHerald': {'first': True, 'kills': 1}, 'tower': {'first': True, 'kills': 8}}, 'teamId': 200, 'win': True}]",
NA1_4698915826,1688109540321,1008,1688110566318,4698915826,CLASSIC,teambuilder-match-4698915826,1688109557965,MATCHED_GAME,13.13.518.539,11,NA1,420,"[{'bans': [{'championId': 11, 'pickTurn': 1}, {'championId': 101, 'pickTurn': 2}, {'championId': 16, 'pickTurn': 3}, {'championId': 110, 'pickTurn': 4}, {'championId': 83, 'pickTurn': 5}], 'objectives': {'baron': {'first': False, 'kills': 0}, 'champion': {'first': True, 'kills': 25}, 'dragon': {'first': True, 'kills': 2}, 'inhibitor': {'first': False, 'kills': 0}, 'riftHerald': {'first': False, 'kills': 0}, 'tower': {'first': True, 'kills': 2}}, 'teamId': 100, 'win': True}, {'bans': [{'championId': 350, 'pickTurn': 6}, {'championId': 240, 'pickTurn': 7}, {'championId': 202, 'pickTurn': 8}, {'championId': 526, 'pickTurn': 9}, {'championId': 86, 'pickTurn': 10}], 'objectives': {'baron': {'first': False, 'kills': 0}, 'champion': {'first': False, 'kills': 6}, 'dragon': {'first': False, 'kills': 0}, 'inhibitor': {'first': False, 'kills': 0}, 'riftHerald': {'first': True, 'kills': 1}, 'tower': {'first': False, 'kills': 0}}, 'teamId': 200, 'win': False}]",
NA1_4698894981,1688107618701,1589,1688109240028,4698894981,CLASSIC,teambuilder-match-4698894981,1688107650791,MATCHED_GAME,13.13.518.539,11,NA1,420,"[{'bans': [{'championId': 21, 'pickTurn': 1}, {'championId': 143, 'pickTurn': 2}, {'championId': 80, 'pickTurn': 3}, {'championId': 45, 'pickTurn': 4}, {'championId': 203, 'pickTurn': 5}], 'objectives': {'baron': {'first': False, 'kills': 0}, 'champion': {'first': True, 'kills': 18}, 'dragon': {'first': True, 'kills': 1}, 'inhibitor': {'first': False, 'kills': 0}, 'riftHerald': {'first': True, 'kills': 1}, 'tower': {'first': False, 'kills': 1}}, 'teamId': 100, 'win': False}, {'bans': [{'championId': 202, 'pickTurn': 6}, {'championId': 23, 'pickTurn': 7}, {'championId': 14, 'pickTurn': 8}, {'championId': 19, 'pickTurn': 9}, {'championId': 240, 'pickTurn': 10}], 'objectives': {'baron': {'first': True, 'kills': 1}, 'champion': {'first': False, 'kills': 41}, 'dragon': {'first': False, 'kills': 2}, 'inhibitor': {'first': True, 'kills': 3}, 'riftHerald': {'first': False, 'kills': 1}, 'tower': {'first': True, 'kills': 9}}, 'teamId': 200, 'win': True}]",
NA1_4697979529,1688028072840,2524,1688030661939,4697979529,CLASSIC,teambuilder-match-4697979529,1688028137155,MATCHED_GAME,13.13.518.539,11,NA1,420,"[{'bans': [{'championId': 876, 'pickTurn': 1}, {'championId': 202, 'pickTurn': 2}, {'championId': 18, 'pickTurn': 3}, {'championId': 80, 'pickTurn': 4}, {'championId': 6, 'pickTurn': 5}], 'objectives': {'baron': {'first': False, 'kills': 1}, 'champion': {'first': False, 'kills': 35}, 'dragon': {'first': False, 'kills': 2}, 'inhibitor': {'first': True, 'kills': 1}, 'riftHerald': {'first': True, 'kills': 2}, 'tower': {'first': True, 'kills': 8}}, 'teamId': 100, 'win': True}, {'bans': [{'championId': -1, 'pickTurn': 6}, {'championId': 240, 'pickTurn': 7}, {'championId': 99, 'pickTurn': 8}, {'championId': 19, 'pickTurn': 9}, {'championId': 11, 'pickTurn': 10}], 'objectives': {'baron': {'first': True, 'kills': 1}, 'champion': {'first': True, 'kills': 41}, 'dragon': {'first': True, 'kills': 4}, 'inhibitor': {'first': False, 'kills': 0}, 'riftHerald': {'first': False, 'kills': 0}, 'tower': {'first': False, 'kills': 6}}, 'teamId': 200, 'win': False}]",
NA1_4697963844,1688025186742,1867,1688027079502,4697963844,CLASSIC,teambuilder-match-4697963844,1688025212302,MATCHED_GAME,13.13.518.539,11,NA1,420,"[{'bans': [{'championId': 53, 'pickTurn': 1}, {'championId': 85, 'pickTurn': 2}, {'championId': 120, 'pickTurn': 3}, {'championId': 45, 'pickTurn': 4}, {'championId': 111, 'pickTurn': 5}], 'objectives': {'baron': {'first': False, 'kills': 0}, 'champion': {'first': False, 'kills': 39}, 'dragon': {'first': True, 'kills': 3}, 'inhibitor': {'first': True, 'kills': 3}, 'riftHerald': {'first': True, 'kills': 1}, 'tower': {'first': True, 'kills': 11}}, 'teamId': 100, 'win': True}, {'bans': [{'championId': 166, 'pickTurn': 6}, {'championId': 360, 'pickTurn': 7}, {'championId': 111, 'pickTurn': 8}, {'championId': 11, 'pickTurn': 9}, {'championId': 240, 'pickTurn': 10}], 'objectives': {'baron': {'first': False, 'kills': 0}, 'champion': {'first': True, 'kills': 24}, 'dragon': {'first': False, 'kills': 1}, 'inhibitor': {'first': False, 'kills': 0}, 'riftHerald': {'first': False, 'kills': 0}, 'tower': {'first': False, 'kills': 1}}, 'teamId': 200, 'win': False}]",
NA1_4697937239,1688022997990,1749,1688024765055,4697937239,CLASSIC,teambuilder-match-4697937239,1688023016094,MATCHED_GAME,13.13.518.539,11,NA1,420,"[{'bans': [{'championId': 157, 'pickTurn': 1}, {'championId': 412, 'pickTurn': 2}, {'championId': 240, 'pickTurn': 3}, {'championId': 26, 'pickTurn': 4}, {'championId': 11, 'pickTurn': 5}], 'objectives': {'baron': {'first': True, 'kills': 2}, 'champion': {'first': True, 'kills': 28}, 'dragon': {'first': True, 'kills': 3}, 'inhibitor': {'first': True, 'kills': 2}, 'riftHerald': {'first': True, 'kills': 1}, 'tower': {'first': True, 'kills': 9}}, 'teamId': 100, 'win': True}, {'bans': [{'championId': 6, 'pickTurn': 6}, {'championId': 11, 'pickTurn': 7}, {'championId': 35, 'pickTurn': 8}, {'championId': -1, 'pickTurn': 9}, {'championId': 50, 'pickTurn': 10}], 'objectives': {'baron': {'first': False, 'kills': 0}, 'champion': {'first': False, 'kills': 15}, 'dragon': {'first': False, 'kills': 0}, 'inhibitor': {'first': False, 'kills': 0}, 'riftHerald': {'first': False, 'kills': 0}, 'tower': {'first': False, 'kills': 3}}, 'teamId': 200, 'win': False}]",
NA1_4697909088,1688020377098,1811,1688022212072,4697909088,CLASSIC,teambuilder-match-4697909088,1688020400290,MATCHED_GAME,13.13.518.539,11,NA1,420,"[{'bans': [{'championId': 33, 'pickTurn': 1}, {'championId': 202, 'pickTurn': 2}, {'championId': 555, 'pickTurn': 3}, {'championId': 238, 'pickTurn': 4}, {'championId': 240, 'pickTurn': 5}], 'objectives': {'baron': {'first': False, 'kills': 0}, 'champion': {'first': False, 'kills': 28}, 'dragon': {'first': False, 'kills': 0}, 'inhibitor': {'first': False, 'kills': 0}, 'riftHerald': {'first': True, 'kills': 1}, 'tower': {'first': False, 'kills': 3}}, 'teamId': 100, 'win': False}, {'bans': [{'championId': 157, 'pickTurn': 6}, {'championId': 421, 'pickTurn': 7}, {'championId': -1, 'pickTurn': 8}, {'championId': 45, 'pickTurn': 9}, {'championId': 39, 'pickTurn': 10}], 'objectives': {'baron': {'first': True, 'kills': 1}, 'champion': {'first': True, 'kills': 41}, 'dragon': {'first': True, 'kills': 4}, 'inhibitor': {'first': True, 'kills': 1}, 'riftHerald': {'first': False, 'kills': 1}, 'tower': {'first': True, 'kills': 8}}, 'teamId': 200, 'win': True}]",
NA1_4696053660,1687851575248,2458,1687854110548,4696053660,CLASSIC,teambuilder-match-4696053660,1687851652130,MATCHED_GAME,13.12.515.4234,11,NA1,420,"[{'bans': [{'championId': 51, 'pickTurn': 1}, {'championId': 777, 'pickTurn': 2}, {'championId': 14, 'pickTurn': 3}, {'championId': 25, 'pickTurn': 4}, {'championId': 11, 'pickTurn': 5}], 'objectives': {'baron': {'first': True, 'kills': 2}, 'champion': {'first': True, 'kills': 54}, 'dragon': {'first': False, 'kills': 1}, 'inhibitor': {'first': False, 'kills': 3}, 'riftHerald': {'first': True, 'kills': 1}, 'tower': {'first': False, 'kills': 10}}, 'teamId': 100, 'win': True}, {'bans': [{'championId': 63, 'pickTurn': 6}, {'championId': 240, 'pickTurn': 7}, {'championId': 202, 'pickTurn': 8}, {'championId': 427, 'pickTurn': 9}, {'championId': 157, 'pickTurn': 10}], 'objectives': {'baron': {'first': False, 'kills': 0}, 'champion': {'first': False, 'kills': 55}, 'dragon': {'first': True, 'kills': 4}, 'inhibitor': {'first': True, 'kills': 3}, 'riftHerald': {'first': False, 'kills': 1}, 'tower': {'first': True, 'kills': 8}}, 'teamId': 200, 'win': False}]",
NA1_4696033020,1687848663121,1694,1687850416223,4696033020,CLASSIC,teambuilder-match-4696033020,1687848721644,MATCHED_GAME,13.12.515.4234,11,NA1,420,"[{'bans': [{'championId': 11, 'pickTurn': 1}, {'championId': 53, 'pickTurn': 2}, {'championId': 240, 'pickTurn': 3}, {'championId': 202, 'pickTurn': 4}, {'championId': 107, 'pickTurn': 5}], 'objectives': {'baron': {'first': False, 'kills': 0}, 'champion': {'first': True, 'kills': 15}, 'dragon': {'first': True, 'kills': 1}, 'inhibitor': {'first': False, 'kills': 0}, 'riftHerald': {'first': False, 'kills': 0}, 'tower': {'first': False, 'kills': 2}}, 'teamId': 100, 'win': False}, {'bans': [{'championId': 136, 'pickTurn': 6}, {'championId': 897, 'pickTurn': 7}, {'championId': 69, 'pickTurn': 8}, {'championId': 141, 'pickTurn': 9}, {'championId': 222, 'pickTurn': 10}], 'objectives': {'baron': {'first': True, 'kills': 1}, 'champion': {'first': False, 'kills': 32}, 'dragon': {'first': False, 'kills': 2}, 'inhibitor': {'first': True, 'kills': 3}, 'riftHerald': {'first': True, 'kills': 1}, 'tower': {'first': True, 'kills': 11}}, 'teamId': 200, 'win': True}]",
NA1_4696010968,1687846876983,1432,1687848327409,4696010968,CLASSIC,teambuilder-match-4696010968,1687846895183,MATCHED_GAME,13.12.515.4234,11,NA1,420,"[{'bans': [{'championId': 202, 'pickTurn': 1}, {'championId': 28, 'pickTurn': 2}, {'championId': 240, 'pickTurn': 3}, {'championId': 53, 'pickTurn': 4}, {'championId': -1, 'pickTurn': 5}], 'objectives': {'baron': {'first': False, 'kills': 0}, 'champion': {'first': True, 'kills': 34}, 'dragon': {'first': False, 'kills': 2}, 'inhibitor': {'first': True, 'kills': 3}, 'riftHerald': {'first': True, 'kills': 2}, 'tower': {'first': True, 'kills': 11}}, 'teamId': 100, 'win': True}, {'bans': [{'championId': 143, 'pickTurn': 6}, {'championId': 63, 'pickTurn': 7}, {'championId': 82, 'pickTurn': 8}, {'championId': 420, 'pickTurn': 9}, {'championId': 98, 'pickTurn': 10}], 'objectives': {'baron': {'first': False, 'kills': 0}, 'champion': {'first': False, 'kills': 15}, 'dragon': {'first': True, 'kills': 1}, 'inhibitor': {'first': False, 'kills': 0}, 'riftHerald': {'first': False, 'kills': 0}, 'tower': {'first': False, 'kills': 0}}, 'teamId': 200, 'win': False}]",
NA1_4695097842,1687768792540,2359,1687771188526,4695097842,CLASSIC,teambuilder-match-4695097842,1687768828827,MATCHED_GAME,13.12.515.4234,11,NA1,420,"[{'bans': [{'championId': 107, 'pickTurn': 1}, {'championId': 238, 'pickTurn': 2}, {'championId': 18, 'pickTurn': 3}, {'championId': 157, 'pickTurn': 4}, {'championId': 99, 'pickTurn': 5}], 'objectives': {'baron': {'first': False, 'kills': 1}, 'champion': {'first': False, 'kills': 47}, 'dragon': {'first': True, 'kills': 4}, 'inhibitor': {'first': True, 'kills': 2}, 'riftHerald': {'first': False, 'kills': 0}, 'tower': {'first': False, 'kills': 10}}, 'teamId': 100, 'win': True}, {'bans': [{'championId': 105, 'pickTurn': 6}, {'championId': 53, 'pickTurn': 7}, {'championId': 350, 'pickTurn': 8}, {'championId': 202, 'pickTurn': 9}, {'championId': 240, 'pickTurn': 10}], 'objectives': {'baron': {'first': True, 'kills': 1}, 'champion': {'first': False, 'kills': 31}, 'dragon': {'first': False, 'kills': 2}, 'inhibitor': {'first': False, 'kills': 1}, 'riftHerald': {'first': True, 'kills': 2}, 'tower': {'first': True, 'kills': 6}}, 'teamId': 200, 'win': False}]",
NA1_4695065595,1687766032093,1744,1687767805615,4695065595,CLASSIC,teambuilder-match-4695065595,1687766061150,MATCHED_GAME,13.12.515.4234,11,NA1,420,"[{'bans': [{'championId': 111, 'pickTurn': 1}, {'championId': 202, 'pickTurn': 2}, {'championId': 17, 'pickTurn': 3}, {'championId': 240, 'pickTurn': 4}, {'championId': 48, 'pickTurn': 5}], 'objectives': {'baron': {'first': True, 'kills': 1}, 'champion': {'first': False, 'kills': 19}, 'dragon': {'first': True, 'kills': 2}, 'inhibitor': {'first': True, 'kills': 4}, 'riftHerald': {'first': True, 'kills': 2}, 'tower': {'first': True, 'kills': 9}}, 'teamId': 100, 'win': True}, {'bans': [{'championId': 518, 'pickTurn': 6}, {'championId': 420, 'pickTurn': 7}, {'championId': 238, 'pickTurn': 8}, {'championId': 99, 'pickTurn': 9}, {'championId': 104, 'pickTurn': 10}], 'objectives': {'baron': {'first': False, 'kills': 0}, 'champion': {'first': True, 'kills': 27}, 'dragon': {'first': False, 'kills': 1}, 'inhibitor': {'first': False, 'kills': 0}, 'riftHerald': {'first': False, 'kills': 0}, 'tower': {'first': False, 'kills': 1}}, 'teamId': 200, 'win': False}]",
NA1_4695039269,1687762849853,2817,1687765698529,4695039269,CLASSIC,teambuilder-match-4695039269,1687762880952,MATCHED_GAME,13.12.515.4234,11,NA1,420,"[{'bans': [{'championId': 107, 'pickTurn': 1}, {'championId': 360, 'pickTurn': 2}, {'championId': 67, 'pickTurn': 3}, {'championId': 11, 'pickTurn': 4}, {'championId': 96, 'pickTurn': 5}], 'objectives': {'baron': {'first': True, 'kills': 3}, 'champion': {'first': True, 'kills': 54}, 'dragon': {'first': False, 'kills': 4}, 'inhibitor': {'first': True, 'kills': 3}, 'riftHerald': {'first': False, 'kills': 0}, 'tower': {'first': True, 'kills': 10}}, 'teamId': 100, 'win': False}, {'bans': [{'championId': 777, 'pickTurn': 6}, {'championId': 143, 'pickTurn': 7}, {'championId': 202, 'pickTurn': 8}, {'championId': 240, 'pickTurn': 9}, {'championId': 238, 'pickTurn': 10}], 'objectives': {'baron': {'first': False, 'kills': 0}, 'champion': {'first': False, 'kills': 34}, 'dragon': {'first': True, 'kills': 3}, 'inhibitor': {'first': False, 'kills': 2}, 'riftHerald': {'first': True, 'kills': 2}, 'tower': {'first': False, 'kills': 10}}, 'teamId': 200, 'win': True}]",
NA1_4694025012,1687679110420,328,1687679500715,4694025012,CLASSIC,teambuilder-match-4694025012,1687679172198,MATCHED_GAME,13.12.515.4234,11,NA1,420,"[{'bans': [{'championId': 1, 'pickTurn': 1}, {'championId': 31, 'pickTurn': 2}, {'championId': 74, 'pickTurn': 3}, {'championId': 67, 'pickTurn': 4}, {'championId': 54, 'pickTurn': 5}], 'objectives': {'baron': {'first': False, 'kills': 0}, 'champion': {'first': False, 'kills': 1}, 'dragon': {'first': False, 'kills': 0}, 'inhibitor': {'first': False, 'kills': 0}, 'riftHerald': {'first': False, 'kills': 0}, 'tower': {'first': False, 'kills': 0}}, 'teamId': 100, 'win': False}, {'bans': [{'championId': 120, 'pickTurn': 6}, {'championId': 240, 'pickTurn': 7}, {'championId': 105, 'pickTurn': 8}, {'championId': 202, 'pickTurn': 9}, {'championId': 114, 'pickTurn': 10}], 'objectives': {'baron': {'first': False, 'kills': 0}, 'champion': {'first': True, 'kills': 5}, 'dragon': {'first': False, 'kills': 0}, 'inhibitor': {'first': False, 'kills': 0}, 'riftHerald': {'first': False, 'kills': 0}, 'tower': {'first': False, 'kills': 0}}, 'teamId': 200, 'win': True}]",
NA1_4693995031,1687676415162,1933,1687678364777,4693995031,CLASSIC,teambuilder-match-4693995031,1687676431497,MATCHED_GAME,13.12.515.4234,11,NA1,420,"[{'bans': [{'championId': -1, 'pickTurn': 1}, {'championId': 157, 'pickTurn': 2}, {'championId': 17, 'pickTurn': 3}, {'championId': 119, 'pickTurn': 4}, {'championId': 19, 'pickTurn': 5}], 'objectives': {'baron': {'first': False, 'kills': 0}, 'champion': {'first': True, 'kills': 54}, 'dragon': {'first': True, 'kills': 2}, 'inhibitor': {'first': True, 'kills': 1}, 'riftHerald': {'first': False, 'kills': 0}, 'tower': {'first': False, 'kills': 8}}, 'teamId': 100, 'win': True}, {'bans': [{'championId': 202, 'pickTurn': 6}, {'championId': 106, 'pickTurn': 7}, {'championId': 240, 'pickTurn': 8}, {'championId': 84, 'pickTurn': 9}, {'championId': 99, 'pickTurn': 10}], 'objectives': {'baron': {'first': False, 'kills': 0}, 'champion': {'first': False, 'kills': 34}, 'dragon': {'first': False, 'kills': 2}, 'inhibitor': {'first': False, 'kills': 0}, 'riftHerald': {'first': True, 'kills': 1}, 'tower': {'first': True, 'kills': 6}}, 'teamId': 200, 'win': False}]",
NA1_4693965005,1687674313263,1716,1687676055571,4693965005,CLASSIC,teambuilder-match-4693965005,1687674339313,MATCHED_GAME,13.12.515.4234,11,NA1,420,"[{'bans': [{'championId': 518, 'pickTurn': 1}, {'championId': 59, 'pickTurn': 2}, {'championId': 240, 'pickTurn': 3}, {'championId': 202, 'pickTurn': 4}, {'championId': 157, 'pickTurn': 5}], 'objectives': {'baron': {'first': True, 'kills': 1}, 'champion': {'first': False, 'kills': 27}, 'dragon': {'first': False, 'kills': 0}, 'inhibitor': {'first': False, 'kills': 0}, 'riftHerald': {'first': True, 'kills': 2}, 'tower': {'first': True, 'kills': 4}}, 'teamId': 100, 'win': False}, {'bans': [{'championId': 235, 'pickTurn': 6}, {'championId': 203, 'pickTurn': 7}, {'championId': 99, 'pickTurn': 8}, {'championId': 777, 'pickTurn': 9}, {'championId': 54, 'pickTurn': 10}], 'objectives': {'baron': {'first': False, 'kills': 0}, 'champion': {'first': True, 'kills': 35}, 'dragon': {'first': True, 'kills': 4}, 'inhibitor': {'first': True, 'kills': 1}, 'riftHerald': {'first': False, 'kills': 0}, 'tower': {'first': False, 'kills': 9}}, 'teamId': 200, 'win': True}]",
NA1_4693000450,1687591390350,1895,1687593413065,4693000450,CLASSIC,teambuilder-match-4693000450,1687591517892,MATCHED_GAME,13.12.515.4234,11,NA1,420,"[{'bans': [{'championId': 99, 'pickTurn': 1}, {'championId': 29, 'pickTurn': 2}, {'championId': 518, 'pickTurn': 3}, {'championId': 54, 'pickTurn': 4}, {'championId': 6, 'pickTurn': 5}], 'objectives': {'baron': {'first': False, 'kills': 0}, 'champion': {'first': True, 'kills': 23}, 'dragon': {'first': True, 'kills': 3}, 'inhibitor': {'first': False, 'kills': 0}, 'riftHerald': {'first': True, 'kills': 2}, 'tower': {'first': True, 'kills': 4}}, 'teamId': 100, 'win': False}, {'bans': [{'championId': 895, 'pickTurn': 6}, {'championId': 39, 'pickTurn': 7}, {'championId': -1, 'pickTurn': 8}, {'championId': 157, 'pickTurn': 9}, {'championId': 111, 'pickTurn': 10}], 'objectives': {'baron': {'first': True, 'kills': 1}, 'champion': {'first': False, 'kills': 46}, 'dragon': {'first': False, 'kills': 1}, 'inhibitor': {'first': True, 'kills': 1}, 'riftHerald': {'first': False, 'kills': 0}, 'tower': {'first': False, 'kills': 7}}, 'teamId': 200, 'win': True}]",
NA1_4692960714,1687588559242,2233,1687590824064,4692960714,CLASSIC,teambuilder-match-4692960714,1687588590928,MATCHED_GAME,13.12.515.4234,11,NA1,420,"[{'bans': [{'championId': 157, 'pickTurn': 1}, {'championId': 39, 'pickTurn': 2}, {'championId': 19, 'pickTurn': 3}, {'championId': 360, 'pickTurn': 4}, {'championId': 74, 'pickTurn': 5}], 'objectives': {'baron': {'first': True, 'kills': 2}, 'champion': {'first': True, 'kills': 42}, 'dragon': {'first': True, 'kills': 2}, 'inhibitor': {'first': False, 'kills': 0}, 'riftHerald': {'first': False, 'kills': 1}, 'tower': {'first': False, 'kills': 4}}, 'teamId': 100, 'win': False}, {'bans': [{'championId': 86, 'pickTurn': 6}, {'championId': 53, 'pickTurn': 7}, {'championId': 166, 'pickTurn': 8}, {'championId': 360, 'pickTurn': 9}, {'championId': 107, 'pickTurn': 10}], 'objectives': {'baron': {'first': False, 'kills': 0}, 'champion': {'first': False, 'kills': 30}, 'dragon': {'first': False, 'kills': 3}, 'inhibitor': {'first': True, 'kills': 4}, 'riftHerald': {'first': True, 'kills': 1}, 'tower': {'first': True, 'kills': 11}}, 'teamId': 200, 'win': True}]",
NA1_4691085676,1687420511584,1787,1687422400907,4691085676,CLASSIC,teambuilder-match-4691085676,1687420613977,MATCHED_GAME,13.12.515.4234,11,NA1,420,"[{'bans': [{'championId': 17, 'pickTurn': 1}, {'championId': 11, 'pickTurn': 2}, {'championId': 157, 'pickTurn': 3}, {'championId': 99, 'pickTurn': 4}, {'championId': 55, 'pickTurn': 5}], 'objectives': {'baron': {'first': False, 'kills': 0}, 'champion': {'first': False, 'kills': 34}, 'dragon': {'first': True, 'kills': 2}, 'inhibitor': {'first': False, 'kills': 0}, 'riftHerald': {'first': True, 'kills': 2}, 'tower': {'first': False, 'kills': 1}}, 'teamId': 100, 'win': False}, {'bans': [{'championId': 157, 'pickTurn': 6}, {'championId': 420, 'pickTurn': 7}, {'championId': 555, 'pickTurn': 8}, {'championId': 11, 'pickTurn': 9}, {'championId': 25, 'pickTurn': 10}], 'objectives': {'baron': {'first': True, 'kills': 1}, 'champion': {'first': True, 'kills': 27}, 'dragon': {'first': False, 'kills': 2}, 'inhibitor': {'first': True, 'kills': 4}, 'riftHerald': {'first': False, 'kills': 0}, 'tower': {'first': True, 'kills': 10}}, 'teamId': 200, 'win': True}]",
